Workbook

Sheet HOME

Sheet Dealer Wise
B1: Up to 29.07.2020 | M1: DAYS RUNNING | N1: 19 | O1: WORKING DAY | P1: 20
A2: JULY'20 Back Margin Dealer Wise Value Achievement Status | P2: Rest WD | Q2: =P1-N1 -> 1
A3: SL | B3: Distributors | C3: Region/ Cluster | D3: Zone | E3: Target JULY 2020 | F3: Achievement JULY 2020 | G3: Achievement % JULY 2020 | H3: Remaining for 80% | I3: Daily Required Rate for 80% | J3: Remaining for 86% | K3: Daily Required Rate for 86% | L3: Remaining for 91% | M3: Daily Required Rate for 91% | N3: Remaining for 96% | O3: Daily Required Rate for 96% | P3: Remaining for 100% | Q3: Daily Required Rate for 100%
A4: 1 | B4: A One Tel | C4: Khulna | D4: Barishal | E4: 17333597 | F4: 17424054 | G4: =IFERROR(F4/E4,0) -> 1.0052186 | H4: =(E4*0.8)-F4 -> -3557176.9 | I4: =H4/$Q$2 -> -3557176.9 | J4: =(E4*0.86)-F4 -> -2517161 | K4: =J4/$Q$2 -> -2517161 | L4: =(E4*0.91)-F4 -> -1650481.2 | M4: =L4/$Q$2 -> -1650481.2 | N4: =(E4*0.96)-F4 -> -783801.38 | O4: =N4/$Q$2 -> -783801.38 | P4: =E4-F4 -> -90457.509 | Q4: =P4/$Q$2 -> -90457.509
A5: 2 | B5: Click Mobile Corner | C5: Khulna | D5: Barishal | E5: 6859944.5 | F5: 7148042.4 | G5: =IFERROR(F5/E5,0) -> 1.0419971 | H5: =(E5*0.8)-F5 -> -1660086.8 | I5: =H5/$Q$2 -> -1660086.8 | J5: =(E5*0.86)-F5 -> -1248490.1 | K5: =J5/$Q$2 -> -1248490.1 | L5: =(E5*0.91)-F5 -> -905492.92 | M5: =L5/$Q$2 -> -905492.92 | N5: =(E5*0.96)-F5 -> -562495.7 | O5: =N5/$Q$2 -> -562495.7 | P5: =E5-F5 -> -288097.92 | Q5: =P5/$Q$2 -> -288097.92
A6: 3 | B6: Desh Link | C6: Khulna | D6: Faridpur | E6: 13699000 | F6: 13459413 | G6: =IFERROR(F6/E6,0) -> 0.98251058 | H6: =(E6*0.8)-F6 -> -2500212.5 | I6: =H6/$Q$2 -> -2500212.5 | J6: =(E6*0.86)-F6 -> -1678272.5 | K6: =J6/$Q$2 -> -1678272.5 | L6: =(E6*0.91)-F6 -> -993322.45 | M6: =L6/$Q$2 -> -993322.45 | N6: =(E6*0.96)-F6 -> -308372.44 | O6: =N6/$Q$2 -> -308372.44 | P6: =E6-F6 -> 239587.56 | Q6: =P6/$Q$2 -> 239587.56
A7: 4 | B7: M/S Faiz Enterprise | C7: Khulna | D7: Madaripur | E7: 5170588.2 | F7: 5173323.5 | G7: =IFERROR(F7/E7,0) -> 1.000529 | H7: =(E7*0.8)-F7 -> -1036853 | I7: =H7/$Q$2 -> -1036853 | J7: =(E7*0.86)-F7 -> -726617.69 | K7: =J7/$Q$2 -> -726617.69 | L7: =(E7*0.91)-F7 -> -468088.28 | M7: =L7/$Q$2 -> -468088.28 | N7: =(E7*0.96)-F7 -> -209558.87 | O7: =N7/$Q$2 -> -209558.87 | P7: =E7-F7 -> -2735.3392 | Q7: =P7/$Q$2 -> -2735.3392
A8: 5 | B8: M/S Saad Telecom | C8: Khulna | D8: Madaripur | E8: 7035288.3 | F8: 6443733.5 | G8: =IFERROR(F8/E8,0) -> 0.91591606 | H8: =(E8*0.8)-F8 -> -815502.91 | I8: =H8/$Q$2 -> -815502.91 | J8: =(E8*0.86)-F8 -> -393385.62 | K8: =J8/$Q$2 -> -393385.62 | L8: =(E8*0.91)-F8 -> -41621.206 | M8: =L8/$Q$2 -> -41621.206 | N8: =(E8*0.96)-F8 -> 310143.21 | O8: =N8/$Q$2 -> 310143.21 | P8: =E8-F8 -> 591554.74 | Q8: =P8/$Q$2 -> 591554.74
A9: 6 | B9: M/S. Karachi Store | C9: Khulna | D9: Barishal | E9: 4041446.2 | F9: 4508129.9 | G9: =IFERROR(F9/E9,0) -> 1.1154744 | H9: =(E9*0.8)-F9 -> -1274973 | I9: =H9/$Q$2 -> -1274973 | J9: =(E9*0.86)-F9 -> -1032486.2 | K9: =J9/$Q$2 -> -1032486.2 | L9: =(E9*0.91)-F9 -> -830413.88 | M9: =L9/$Q$2 -> -830413.88 | N9: =(E9*0.96)-F9 -> -628341.57 | O9: =N9/$Q$2 -> -628341.57 | P9: =E9-F9 -> -466683.72 | Q9: =P9/$Q$2 -> -466683.72
A10: 7 | B10: M/S. National Electronics | C10: Khulna | D10: Faridpur | E10: 11560297 | F10: 11021130 | G10: =IFERROR(F10/E10,0) -> 0.95336041 | H10: =(E10*0.8)-F10 -> -1772891.9 | I10: =H10/$Q$2 -> -1772891.9 | J10: =(E10*0.86)-F10 -> -1079274.1 | K10: =J10/$Q$2 -> -1079274.1 | L10: =(E10*0.91)-F10 -> -501259.23 | M10: =L10/$Q$2 -> -501259.23 | N10: =(E10*0.96)-F10 -> 76755.618 | O10: =N10/$Q$2 -> 76755.618 | P10: =E10-F10 -> 539167.5 | Q10: =P10/$Q$2 -> 539167.5
A11: 8 | B11: M/S. Rasel Enterprise | C11: Khulna | D11: Faridpur | E11: 8615673.5 | F11: 8397885.5 | G11: =IFERROR(F11/E11,0) -> 0.97472188 | H11: =(E11*0.8)-F11 -> -1505346.7 | I11: =H11/$Q$2 -> -1505346.7 | J11: =(E11*0.86)-F11 -> -988406.28 | K11: =J11/$Q$2 -> -988406.28 | L11: =(E11*0.91)-F11 -> -557622.61 | M11: =L11/$Q$2 -> -557622.61 | N11: =(E11*0.96)-F11 -> -126838.93 | O11: =N11/$Q$2 -> -126838.93 | P11: =E11-F11 -> 217788.01 | Q11: =P11/$Q$2 -> 217788.01
A12: 9 | B12: Mridha Telecom | C12: Khulna | D12: Madaripur | E12: 5517099 | F12: 6113874.3 | G12: =IFERROR(F12/E12,0) -> 1.1081683 | H12: =(E12*0.8)-F12 -> -1700195 | I12: =H12/$Q$2 -> -1700195 | J12: =(E12*0.86)-F12 -> -1369169.1 | K12: =J12/$Q$2 -> -1369169.1 | L12: =(E12*0.91)-F12 -> -1093314.2 | M12: =L12/$Q$2 -> -1093314.2 | N12: =(E12*0.96)-F12 -> -817459.2 | O12: =N12/$Q$2 -> -817459.2 | P12: =E12-F12 -> -596775.24 | Q12: =P12/$Q$2 -> -596775.24
A13: 10 | B13: Toushi Mobile Showroom & Servicing | C13: Khulna | D13: Faridpur | E13: 4987063.1 | F13: 4752464.9 | G13: =IFERROR(F13/E13,0) -> 0.95295865 | H13: =(E13*0.8)-F13 -> -762814.43 | I13: =H13/$Q$2 -> -762814.43 | J13: =(E13*0.86)-F13 -> -463590.64 | K13: =J13/$Q$2 -> -463590.64 | L13: =(E13*0.91)-F13 -> -214237.49 | M13: =L13/$Q$2 -> -214237.49 | N13: =(E13*0.96)-F13 -> 35115.663 | O13: =N13/$Q$2 -> 35115.663 | P13: =E13-F13 -> 234598.19 | Q13: =P13/$Q$2 -> 234598.19
A14: 11 | B14: Winner Electronics | C14: Khulna | D14: Madaripur | E14: 6596269.9 | F14: 8441342.7 | G14: =IFERROR(F14/E14,0) -> 1.2797146 | H14: =(E14*0.8)-F14 -> -3164326.7 | I14: =H14/$Q$2 -> -3164326.7 | J14: =(E14*0.86)-F14 -> -2768550.5 | K14: =J14/$Q$2 -> -2768550.5 | L14: =(E14*0.91)-F14 -> -2438737 | M14: =L14/$Q$2 -> -2438737 | N14: =(E14*0.96)-F14 -> -2108923.5 | O14: =N14/$Q$2 -> -2108923.5 | P14: =E14-F14 -> -1845072.7 | Q14: =P14/$Q$2 -> -1845072.7
A15: 12 | B15: Biponon Communications | C15: Chattogram | D15: Cox's Bazar | E15: 4737117.3 | F15: 3832774.4 | G15: =IFERROR(F15/E15,0) -> 0.80909426 | H15: =(E15*0.8)-F15 -> -43080.583 | I15: =H15/$Q$2 -> -43080.583 | J15: =(E15*0.86)-F15 -> 241146.45 | K15: =J15/$Q$2 -> 241146.45 | L15: =(E15*0.91)-F15 -> 478002.32 | M15: =L15/$Q$2 -> 478002.32 | N15: =(E15*0.96)-F15 -> 714858.18 | O15: =N15/$Q$2 -> 714858.18 | P15: =E15-F15 -> 904342.87 | Q15: =P15/$Q$2 -> 904342.87
... A124: 121 | B124: Edison Electronics Ltd. | C124: Edison Electronics Limited | D124: Edison Electronics Ltd. | E124: 28437843 | F124: 28788610 | G124: =IFERROR(F124/E124,0) -> 1.0123345 | H124: =(E124*0.8)-F124 -> -6038335.9 | I124: =H124/$Q$2 -> -6038335.9 | J124: =(E124*0.86)-F124 -> -4332065.3 | K124: =J124/$Q$2 -> -4332065.3 | L124: =(E124*0.91)-F124 -> -2910173.2 | M124: =L124/$Q$2 -> -2910173.2 | N124: =(E124*0.96)-F124 -> -1488281.1 | O124: =N124/$Q$2 -> -1488281.1 | P124: =E124-F124 -> -350767.35 | Q124: =P124/$Q$2 -> -350767.35
A125: National Total | E125: =SUM(E4:E124) -> 1.5551967e+09 | F125: =SUM(F4:F124) -> 1.5568182e+09 | G125: =IFERROR(F125/E125,0) -> 1.0010426 | H125: =(E125*0.9)-F125 -> -1.5714113e+08 | I125: =H125/$Q$2 -> -1.5714113e+08 | J125: =(E125*0.85)-F125 -> -2.3490097e+08 | K125: =J125/$Q$2 -> -2.3490097e+08 | L125: =(E125*0.9)-F125 -> -1.5714113e+08 | M125: =L125/$Q$2 -> -1.5714113e+08 | N125: =(G125*0.9)-H125 -> 1.5714114e+08 | O125: =N125/$Q$2 -> 1.5714114e+08 | P125: =E125-F125 -> -1621462.6 | Q125: =P125/$Q$2 -> -1621462.6

Sheet Sheet2
A1: M/S. Karachi Store | B1: Barisal
A2: Toushi Mobile Showroom & Servicing | B2: Barisal
A3: Click Mobile Corner | B3: Barisal
A4: M/S Faiz Enterprise | B4: Barisal
A5: Zaman Electronics | B5: Barisal
A6: Mridha Telecom | B6: Barisal
A7: M/S. Rasel Enterprise | B7: Barisal
A8: M/S Saad Telecom | B8: Barisal
A9: Winner Electronics | B9: Barisal
A10: M/S. National Electronics | B10: Barisal
A11: Desh Link | B11: Barisal
A12: My Fone | B12: Barisal
... A122: Edison Electronics Ltd. | B122: Dhaka

Sheet Region Wise
A1: ='Dealer Wise'!B1 -> Up to 29.07.2020
A2: JULY'20 Back Margin Region Wise Value Achievement Status | M2: Remaining Days | N2: ='Dealer Wise'!Q2 -> 1
A3: Region | B3: Target JULY 2020 | C3: Achievement JULY 2020 | D3: Achievement % JULY 2020 | E3: Remaining for 80% | F3: Daily Required Rate for 80% | G3: Remaining for 86% | H3: Daily Required Rate for 86% | I3: Remaining for 91% | J3: Daily Required Rate for 91% | K3: Remaining for 96% | L3: Daily Required Rate for 96% | M3: Remaining for 100% | N3: Daily Required Rate for 100%
A4: Chattogram | B4: =SUMIFS('Dealer Wise'!E$4:E$124,'Dealer Wise'!$C$4:$C$124,'Region Wise'!$A4) -> 2.1660609e+08 | C4: =SUMIFS('Dealer Wise'!F$4:F$124,'Dealer Wise'!$C$4:$C$124,'Region Wise'!$A4) -> 2.2087745e+08 | D4: =C4/B4 -> 1.0197195 | E4: =(B4*0.8)-C4 -> -47592585 | F4: =E4/$N$2 -> -47592585 | G4: =(B4*0.86)-C4 -> -34596220 | H4: =G4/$N$2 -> -34596220 | I4: =(B4*0.91)-C4 -> -23765916 | J4: =I4/$N$2 -> -23765916 | K4: =(B4*0.96)-C4 -> -12935611 | L4: =K4/$N$2 -> -12935611 | M4: =B4-C4 -> -4271368 | N4: =M4/$N$2 -> -4271368
A5: Dhaka North | B5: =SUMIFS('Dealer Wise'!E$4:E$124,'Dealer Wise'!$C$4:$C$124,'Region Wise'!$A5) -> 3.5926242e+08 | C5: =SUMIFS('Dealer Wise'!F$4:F$124,'Dealer Wise'!$C$4:$C$124,'Region Wise'!$A5) -> 3.5254848e+08 | D5: =C5/B5 -> 0.9813119 | E5: =(B5*0.8)-C5 -> -65138551 | F5: =E5/$N$2 -> -65138551 | G5: =(B5*0.86)-C5 -> -43582806 | H5: =G5/$N$2 -> -43582806 | I5: =(B5*0.91)-C5 -> -25619685 | J5: =I5/$N$2 -> -25619685 | K5: =(B5*0.96)-C5 -> -7656564.2 | L5: =K5/$N$2 -> -7656564.2 | M5: =B5-C5 -> 6713932.5 | N5: =M5/$N$2 -> 6713932.5
A6: Dhaka South | B6: =SUMIFS('Dealer Wise'!E$4:E$124,'Dealer Wise'!$C$4:$C$124,'Region Wise'!$A6) -> 2.9160474e+08 | C6: =SUMIFS('Dealer Wise'!F$4:F$124,'Dealer Wise'!$C$4:$C$124,'Region Wise'!$A6) -> 2.774704e+08 | D6: =C6/B6 -> 0.95152912 | E6: =(B6*0.8)-C6 -> -44186611 | F6: =E6/$N$2 -> -44186611 | G6: =(B6*0.86)-C6 -> -26690326 | H6: =G6/$N$2 -> -26690326 | I6: =(B6*0.91)-C6 -> -12110089 | J6: =I6/$N$2 -> -12110089 | K6: =(B6*0.96)-C6 -> 2470148.1 | L6: =K6/$N$2 -> 2470148.1 | M6: =B6-C6 -> 14134338 | N6: =M6/$N$2 -> 14134338
A7: Khulna | B7: =SUMIFS('Dealer Wise'!E$4:E$124,'Dealer Wise'!$C$4:$C$124,'Region Wise'!$A7) -> 2.8003858e+08 | C7: =SUMIFS('Dealer Wise'!F$4:F$124,'Dealer Wise'!$C$4:$C$124,'Region Wise'!$A7) -> 2.8365235e+08 | D7: =C7/B7 -> 1.0129046 | E7: =(B7*0.8)-C7 -> -59621492 | F7: =E7/$N$2 -> -59621492 | G7: =(B7*0.86)-C7 -> -42819177 | H7: =G7/$N$2 -> -42819177 | I7: =(B7*0.91)-C7 -> -28817249 | J7: =I7/$N$2 -> -28817249 | K7: =(B7*0.96)-C7 -> -14815320 | L7: =K7/$N$2 -> -14815320 | M7: =B7-C7 -> -3613776.8 | N7: =M7/$N$2 -> -3613776.8
A8: Rajshahi | B8: =SUMIFS('Dealer Wise'!E$4:E$124,'Dealer Wise'!$C$4:$C$124,'Region Wise'!$A8) -> 2.0263939e+08 | C8: =SUMIFS('Dealer Wise'!F$4:F$124,'Dealer Wise'!$C$4:$C$124,'Region Wise'!$A8) -> 2.0372337e+08 | D8: =C8/B8 -> 1.0053493 | E8: =(B8*0.8)-C8 -> -41611863 | F8: =E8/$N$2 -> -41611863 | G8: =(B8*0.86)-C8 -> -29453499 | H8: =G8/$N$2 -> -29453499 | I8: =(B8*0.91)-C8 -> -19321530 | J8: =I8/$N$2 -> -19321530 | K8: =(B8*0.96)-C8 -> -9189561 | L8: =K8/$N$2 -> -9189561 | M8: =B8-C8 -> -1083985.6 | N8: =M8/$N$2 -> -1083985.6
A9: Rangpur | B9: =SUMIFS('Dealer Wise'!E$4:E$124,'Dealer Wise'!$C$4:$C$124,'Region Wise'!$A9) -> 1.7660767e+08 | C9: =SUMIFS('Dealer Wise'!F$4:F$124,'Dealer Wise'!$C$4:$C$124,'Region Wise'!$A9) -> 1.897575e+08 | D9: =C9/B9 -> 1.0744579 | E9: =(B9*0.8)-C9 -> -48471369 | F9: =E9/$N$2 -> -48471369 | G9: =(B9*0.86)-C9 -> -37874909 | H9: =G9/$N$2 -> -37874909 | I9: =(B9*0.91)-C9 -> -29044525 | J9: =I9/$N$2 -> -29044525 | K9: =(B9*0.96)-C9 -> -20214142 | L9: =K9/$N$2 -> -20214142 | M9: =B9-C9 -> -13149835 | N9: =M9/$N$2 -> -13149835
A10: National Total | B10: =SUM(B4:B9) -> 1.5267589e+09 | C10: =SUM(C4:C9) -> 1.5280296e+09 | D10: =C10/B10 -> 1.0008323 | E10: =SUM(E4:E9) -> -3.0662247e+08 | F10: =SUM(F4:F9) -> -3.0662247e+08 | G10: =SUM(G4:G9) -> -2.1501694e+08 | H10: =SUM(H4:H9) -> -2.1501694e+08 | I10: =SUM(I4:I9) -> -1.3867899e+08 | J10: =I10/$N$2 -> -1.3867899e+08 | K10: =SUM(K4:K9) -> -62341050 | L10: =K10/$N$2 -> -62341050 | M10: =SUM(M4:M9) -> -1270695.3 | N10: =M10/N2 -> -1270695.3

Sheet Zone Wise
B1: ='Dealer Wise'!B1 -> Up to 29.07.2020
A2: JULY'20 Back Margin Zone Wise Value Achievement Status | O2: Remaining Days | P2: ='Dealer Wise'!Q2 -> 1
A3: Sl. | B3: Region/ Cluster | C3: Dealer Zone | D3: Target JULY 2020 | E3: Achievement JULY 2020 | F3: Achievement % JULY 2020 | G3: Remaining for 80% | H3: Daily Required Rate for 80% | I3: Remaining for 86% | J3: Daily Required Rate for 86% | K3: Remaining for 91% | L3: Daily Required Rate for 91% | M3: Remaining for 96% | N3: Daily Required Rate for 96% | O3: Remaining for 100% | P3: Daily Required Rate for 100%
A4: 1 | B4: Chattogram | C4: Chandpur | D4: =SUMIFS('Dealer Wise'!E$4:E$124,'Dealer Wise'!$D$4:$D$124,'Zone Wise'!$C4) -> 35379916 | E4: =SUMIFS('Dealer Wise'!F$4:F$124,'Dealer Wise'!$D$4:$D$124,'Zone Wise'!$C4) -> 38795745 | F4: =E4/D4 -> 1.0965471 | G4: =(D4*0.8)-E4 -> -10491812 | H4: =G4/$P$2 -> -10491812 | I4: =(D4*0.86)-E4 -> -8369016.8 | J4: =I4/$P$2 -> -8369016.8 | K4: =(D4*0.91)-E4 -> -6600021 | L4: =K4/$P$2 -> -6600021 | M4: =(D4*0.96)-E4 -> -4831025.2 | N4: =M4/$P$2 -> -4831025.2 | O4: =D4-E4 -> -3415828.5 | P4: =O4/$P$2 -> -3415828.5
A5: 2 | B5: Chattogram | C5: Chattogram | D5: =SUMIFS('Dealer Wise'!E$4:E$124,'Dealer Wise'!$D$4:$D$124,'Zone Wise'!$C5) -> 58648182 | E5: =SUMIFS('Dealer Wise'!F$4:F$124,'Dealer Wise'!$D$4:$D$124,'Zone Wise'!$C5) -> 59858283 | F5: =E5/D5 -> 1.0206332 | G5: =(D5*0.8)-E5 -> -12939737 | H5: =G5/$P$2 -> -12939737 | I5: =(D5*0.86)-E5 -> -9420846.6 | J5: =I5/$P$2 -> -9420846.6 | K5: =(D5*0.91)-E5 -> -6488437.5 | L5: =K5/$P$2 -> -6488437.5 | M5: =(D5*0.96)-E5 -> -3556028.4 | N5: =M5/$P$2 -> -3556028.4 | O5: =D5-E5 -> -1210101.1 | P5: =O5/$P$2 -> -1210101.1
A6: 3 | B6: Chattogram | C6: Cox's Bazar | D6: =SUMIFS('Dealer Wise'!E$4:E$124,'Dealer Wise'!$D$4:$D$124,'Zone Wise'!$C6) -> 25677519 | E6: =SUMIFS('Dealer Wise'!F$4:F$124,'Dealer Wise'!$D$4:$D$124,'Zone Wise'!$C6) -> 23534429 | F6: =E6/D6 -> 0.91653827 | G6: =(D6*0.8)-E6 -> -2992413.6 | H6: =G6/$P$2 -> -2992413.6 | I6: =(D6*0.86)-E6 -> -1451762.4 | J6: =I6/$P$2 -> -1451762.4 | K6: =(D6*0.91)-E6 -> -167886.47 | L6: =K6/$P$2 -> -167886.47 | M6: =(D6*0.96)-E6 -> 1115989.5 | N6: =M6/$P$2 -> 1115989.5 | O6: =D6-E6 -> 2143090.3 | P6: =O6/$P$2 -> 2143090.3
A7: 4 | B7: Chattogram | C7: Cumilla | D7: =SUMIFS('Dealer Wise'!E$4:E$124,'Dealer Wise'!$D$4:$D$124,'Zone Wise'!$C7) -> 31278947 | E7: =SUMIFS('Dealer Wise'!F$4:F$124,'Dealer Wise'!$D$4:$D$124,'Zone Wise'!$C7) -> 31008905 | F7: =E7/D7 -> 0.99136664 | G7: =(D7*0.8)-E7 -> -5985747.1 | H7: =G7/$P$2 -> -5985747.1 | I7: =(D7*0.86)-E7 -> -4109010.2 | J7: =I7/$P$2 -> -4109010.2 | K7: =(D7*0.91)-E7 -> -2545062.9 | L7: =K7/$P$2 -> -2545062.9 | M7: =(D7*0.96)-E7 -> -981115.54 | N7: =M7/$P$2 -> -981115.54 | O7: =D7-E7 -> 270042.35 | P7: =O7/$P$2 -> 270042.35
A8: 5 | B8: Chattogram | C8: Noakhali | D8: =SUMIFS('Dealer Wise'!E$4:E$124,'Dealer Wise'!$D$4:$D$124,'Zone Wise'!$C8) -> 38448332 | E8: =SUMIFS('Dealer Wise'!F$4:F$124,'Dealer Wise'!$D$4:$D$124,'Zone Wise'!$C8) -> 42316018 | F8: =E8/D8 -> 1.1005944 | G8: =(D8*0.8)-E8 -> -11557352 | H8: =G8/$P$2 -> -11557352 | I8: =(D8*0.86)-E8 -> -9250452.4 | J8: =I8/$P$2 -> -9250452.4 | K8: =(D8*0.91)-E8 -> -7328035.8 | L8: =K8/$P$2 -> -7328035.8 | M8: =(D8*0.96)-E8 -> -5405619.2 | N8: =M8/$P$2 -> -5405619.2 | O8: =D8-E8 -> -3867685.9 | P8: =O8/$P$2 -> -3867685.9
A9: 6 | B9: Chattogram | C9: Rangamati | D9: =SUMIFS('Dealer Wise'!E$4:E$124,'Dealer Wise'!$D$4:$D$124,'Zone Wise'!$C9) -> 27173189 | E9: =SUMIFS('Dealer Wise'!F$4:F$124,'Dealer Wise'!$D$4:$D$124,'Zone Wise'!$C9) -> 25364074 | F9: =E9/D9 -> 0.9334228 | G9: =(D9*0.8)-E9 -> -3625522.8 | H9: =G9/$P$2 -> -3625522.8 | I9: =(D9*0.86)-E9 -> -1995131.5 | J9: =I9/$P$2 -> -1995131.5 | K9: =(D9*0.91)-E9 -> -636472.07 | L9: =K9/$P$2 -> -636472.07 | M9: =(D9*0.96)-E9 -> 722187.36 | N9: =M9/$P$2 -> 722187.36 | O9: =D9-E9 -> 1809114.9 | P9: =O9/$P$2 -> 1809114.9
A10: 7 | B10: Dhaka North | C10: Gazipur | D10: =SUMIFS('Dealer Wise'!E$4:E$124,'Dealer Wise'!$D$4:$D$124,'Zone Wise'!$C10) -> 57191625 | E10: =SUMIFS('Dealer Wise'!F$4:F$124,'Dealer Wise'!$D$4:$D$124,'Zone Wise'!$C10) -> 60343253 | F10: =E10/D10 -> 1.0551065 | G10: =(D10*0.8)-E10 -> -14589953 | H10: =G10/$P$2 -> -14589953 | I10: =(D10*0.86)-E10 -> -11158455 | J10: =I10/$P$2 -> -11158455 | K10: =(D10*0.91)-E10 -> -8298874 | L10: =K10/$P$2 -> -8298874 | M10: =(D10*0.96)-E10 -> -5439292.7 | N10: =M10/$P$2 -> -5439292.7 | O10: =D10-E10 -> -3151627.7 | P10: =O10/$P$2 -> -3151627.7
A11: 8 | B11: Dhaka North | C11: Gulshan | D11: =SUMIFS('Dealer Wise'!E$4:E$124,'Dealer Wise'!$D$4:$D$124,'Zone Wise'!$C11) -> 30804280 | E11: =SUMIFS('Dealer Wise'!F$4:F$124,'Dealer Wise'!$D$4:$D$124,'Zone Wise'!$C11) -> 21125124 | F11: =E11/D11 -> 0.68578533 | G11: =(D11*0.8)-E11 -> 3518300.7 | H11: =G11/$P$2 -> 3518300.7 | I11: =(D11*0.86)-E11 -> 5366557.5 | J11: =I11/$P$2 -> 5366557.5 | K11: =(D11*0.91)-E11 -> 6906771.5 | L11: =K11/$P$2 -> 6906771.5 | M11: =(D11*0.96)-E11 -> 8446985.5 | N11: =M11/$P$2 -> 8446985.5 | O11: =D11-E11 -> 9679156.7 | P11: =O11/$P$2 -> 9679156.7
A12: 9 | B12: Dhaka North | C12: Jamalpur | D12: =SUMIFS('Dealer Wise'!E$4:E$124,'Dealer Wise'!$D$4:$D$124,'Zone Wise'!$C12) -> 46934978 | E12: =SUMIFS('Dealer Wise'!F$4:F$124,'Dealer Wise'!$D$4:$D$124,'Zone Wise'!$C12) -> 40412458 | F12: =E12/D12 -> 0.86103073 | G12: =(D12*0.8)-E12 -> -2864476.2 | H12: =G12/$P$2 -> -2864476.2 | I12: =(D12*0.86)-E12 -> -48377.514 | J12: =I12/$P$2 -> -48377.514 | K12: =(D12*0.91)-E12 -> 2298371.4 | L12: =K12/$P$2 -> 2298371.4 | M12: =(D12*0.96)-E12 -> 4645120.2 | N12: =M12/$P$2 -> 4645120.2 | O12: =D12-E12 -> 6522519.4 | P12: =O12/$P$2 -> 6522519.4
A13: 10 | B13: Dhaka North | C13: Kishoreganj | D13: =SUMIFS('Dealer Wise'!E$4:E$124,'Dealer Wise'!$D$4:$D$124,'Zone Wise'!$C13) -> 41370460 | E13: =SUMIFS('Dealer Wise'!F$4:F$124,'Dealer Wise'!$D$4:$D$124,'Zone Wise'!$C13) -> 43217125 | F13: =E13/D13 -> 1.0446373 | G13: =(D13*0.8)-E13 -> -10120757 | H13: =G13/$P$2 -> -10120757 | I13: =(D13*0.86)-E13 -> -7638529.3 | J13: =I13/$P$2 -> -7638529.3 | K13: =(D13*0.91)-E13 -> -5570006.3 | L13: =K13/$P$2 -> -5570006.3 | M13: =(D13*0.96)-E13 -> -3501483.3 | N13: =M13/$P$2 -> -3501483.3 | O13: =D13-E13 -> -1846664.9 | P13: =O13/$P$2 -> -1846664.9
A14: 11 | B14: Dhaka North | C14: Mawna | D14: =SUMIFS('Dealer Wise'!E$4:E$124,'Dealer Wise'!$D$4:$D$124,'Zone Wise'!$C14) -> 26256836 | E14: =SUMIFS('Dealer Wise'!F$4:F$124,'Dealer Wise'!$D$4:$D$124,'Zone Wise'!$C14) -> 25199329 | F14: =E14/D14 -> 0.95972451 | G14: =(D14*0.8)-E14 -> -4193860.1 | H14: =G14/$P$2 -> -4193860.1 | I14: =(D14*0.86)-E14 -> -2618450 | J14: =I14/$P$2 -> -2618450 | K14: =(D14*0.91)-E14 -> -1305608.2 | L14: =K14/$P$2 -> -1305608.2 | M14: =(D14*0.96)-E14 -> 7233.5511 | N14: =M14/$P$2 -> 7233.5511 | O14: =D14-E14 -> 1057507 | P14: =O14/$P$2 -> 1057507
A15: 12 | B15: Dhaka North | C15: Mirpur | D15: =SUMIFS('Dealer Wise'!E$4:E$124,'Dealer Wise'!$D$4:$D$124,'Zone Wise'!$C15) -> 38381677 | E15: =SUMIFS('Dealer Wise'!F$4:F$124,'Dealer Wise'!$D$4:$D$124,'Zone Wise'!$C15) -> 39108981 | F15: =E15/D15 -> 1.0189493 | G15: =(D15*0.8)-E15 -> -8403639.5 | H15: =G15/$P$2 -> -8403639.5 | I15: =(D15*0.86)-E15 -> -6100738.9 | J15: =I15/$P$2 -> -6100738.9 | K15: =(D15*0.91)-E15 -> -4181655 | L15: =K15/$P$2 -> -4181655 | M15: =(D15*0.96)-E15 -> -2262571.1 | N15: =M15/$P$2 -> -2262571.1 | O15: =D15-E15 -> -727304.04 | P15: =O15/$P$2 -> -727304.04
... A44: 41 | B44: Rangpur | C44: Thakurgaon | D44: =SUMIFS('Dealer Wise'!E$4:E$124,'Dealer Wise'!$D$4:$D$124,'Zone Wise'!$C44) -> 32779875 | E44: =SUMIFS('Dealer Wise'!F$4:F$124,'Dealer Wise'!$D$4:$D$124,'Zone Wise'!$C44) -> 35366336 | F44: =E44/D44 -> 1.0789039 | G44: =(D44*0.8)-E44 -> -9142436.4 | H44: =G44/$P$2 -> -9142436.4 | I44: =(D44*0.86)-E44 -> -7175643.9 | J44: =I44/$P$2 -> -7175643.9 | K44: =(D44*0.91)-E44 -> -5536650.2 | L44: =K44/$P$2 -> -5536650.2 | M44: =(D44*0.96)-E44 -> -3897656.4 | N44: =M44/$P$2 -> -3897656.4 | O44: =D44-E44 -> -2586461.4 | P44: =O44/$P$2 -> -2586461.4
A45: National Total | D45: =SUM(D4:D44) -> 1.5267589e+09 | E45: =SUM(E4:E44) -> 1.5280296e+09 | F45: =E45/D45 -> 1.0008323 | G45: =SUM(G4:G44) -> -3.0662247e+08 | H45: =SUM(H4:H44) -> -3.0662247e+08 | I45: =SUM(I4:I44) -> -2.1501694e+08 | J45: =SUM(J4:J44) -> -2.1501694e+08 | K45: =SUM(K4:K44) -> -1.3867899e+08 | L45: =SUM(L4:L44) -> -1.3867899e+08 | M45: =SUM(M4:M44) -> -62341050 | N45: =SUM(N4:N44) -> -62341050 | ... P45: =SUM(P4:P44) -> -1270695.3

Sheet DSR
A4: SL No. | B4: Dealer Name | C4: Region | D4: DSR ID | E4: DSR Name | F4: DSR wise Back Margin till 28 JULY'20 | L4: Weightage | N4: Total (100%)
F5: JULY Target | H5: JULY Achievement | J5: Achievement
F6: Quantity | G6: Value | H6: Quantity | I6: Value | J6: Quantity | K6: Value | L6: Quantity (30%) | M6: Value (70%)
A7: 1 | B7: M/S Sholav Bitan | C7: Chattogram | D7: DSR-0692 | E7: Md Juwel | F7: 7317 | G7: 12505346 | H7: 10719 | I7: 15040435 | J7: =IFERROR(H7/F7,0) -> 1.4649446 | K7: =IFERROR(I7/G7,0) -> 1.2027204 | L7: =IF((J7*0.3)>30%,30%,(J7*0.3)) -> 0.3 | M7: =IF((K7*0.7)>70%,70%,(K7*0.7)) -> 0.7 | N7: =L7+M7 -> 1
A8: 2 | B8: M/S Sholav Bitan | C8: Chattogram | D8: DSR-0691 | E8: Md. Muslim | F8: 6671 | G8: 11407419 | H8: 7056 | I8: 10627700 | J8: =IFERROR(H8/F8,0) -> 1.0577125 | K8: =IFERROR(I8/G8,0) -> 0.93164804 | L8: =IF((J8*0.3)>30%,30%,(J8*0.3)) -> 0.3 | M8: =IF((K8*0.7)>70%,70%,(K8*0.7)) -> 0.65215363 | N8: =L8+M8 -> 0.95215363
A9: 3 | B9: M/S Sholav Bitan | C9: Chattogram | D9: DSR-0693 | E9: Md.Nipon | F9: 430 | G9: 737873.32 | H9: 454 | I9: 790085 | J9: =IFERROR(H9/F9,0) -> 1.055814 | K9: =IFERROR(I9/G9,0) -> 1.0707597 | L9: =IF((J9*0.3)>30%,30%,(J9*0.3)) -> 0.3 | M9: =IF((K9*0.7)>70%,70%,(K9*0.7)) -> 0.7 | N9: =L9+M9 -> 1
A10: 4 | B10: M/S Sholav Bitan | C10: Chattogram | D10: DSR-0658 | E10: Mohmmad Hasan | F10: 2588 | G10: 4434949.7 | H10: 2050 | I10: 3658490 | J10: =IFERROR(H10/F10,0) -> 0.79211747 | K10: =IFERROR(I10/G10,0) -> 0.82492256 | L10: =IF((J10*0.3)>30%,30%,(J10*0.3)) -> 0.23763524 | M10: =IF((K10*0.7)>70%,70%,(K10*0.7)) -> 0.57744579 | N10: =L10+M10 -> 0.81508103
A11: 5 | B11: M/S Sholav Bitan | C11: Chattogram | D11: DSR-0695 | E11: Md. Nahid | F11: 2588 | G11: 4434949.7 | H11: 678 | I11: 1231890 | J11: =IFERROR(H11/F11,0) -> 0.26197836 | K11: =IFERROR(I11/G11,0) -> 0.27776866 | L11: =IF((J11*0.3)>30%,30%,(J11*0.3)) -> 0.078593509 | M11: =IF((K11*0.7)>70%,70%,(K11*0.7)) -> 0.19443806 | N11: =L11+M11 -> 0.27303157
A12: 6 | B12: M/S Sholav Bitan | C12: Chattogram | D12: DSR-0659 | E12: Md. Nurul Alam | F12: 1938 | G12: 3312560.5 | H12: 530 | I12: 1107535 | J12: =IFERROR(H12/F12,0) -> 0.27347781 | K12: =IFERROR(I12/G12,0) -> 0.33434408 | L12: =IF((J12*0.3)>30%,30%,(J12*0.3)) -> 0.082043344 | M12: =IF((K12*0.7)>70%,70%,(K12*0.7)) -> 0.23404086 | N12: =L12+M12 -> 0.3160842
A13: 7 | B13: Sibgat Telecom | C13: Chattogram | D13: DSR-0674 | E13: H.M. Arshad | F13: 3320 | G13: 5677341.2 | H13: 3932 | I13: 6676100 | J13: =IFERROR(H13/F13,0) -> 1.1843373 | K13: =IFERROR(I13/G13,0) -> 1.1759202 | L13: =IF((J13*0.3)>30%,30%,(J13*0.3)) -> 0.3 | M13: =IF((K13*0.7)>70%,70%,(K13*0.7)) -> 0.7 | N13: =L13+M13 -> 1
A14: 8 | B14: Sibgat Telecom | C14: Chattogram | D14: DSR-0663 | E14: Ariful Hoque | F14: 1551 | G14: 2652021.2 | H14: 1151 | I14: 2262955 | J14: =IFERROR(H14/F14,0) -> 0.74210187 | K14: =IFERROR(I14/G14,0) -> 0.85329446 | L14: =IF((J14*0.3)>30%,30%,(J14*0.3)) -> 0.22263056 | M14: =IF((K14*0.7)>70%,70%,(K14*0.7)) -> 0.59730612 | N14: =L14+M14 -> 0.81993668
A15: 9 | B15: Sibgat Telecom | C15: Chattogram | D15: DSR-0675 | E15: Rahatul Islam | F15: 3156 | G15: 5391822.8 | H15: 3483 | I15: 5660145 | J15: =IFERROR(H15/F15,0) -> 1.1036122 | K15: =IFERROR(I15/G15,0) -> 1.0497646 | L15: =IF((J15*0.3)>30%,30%,(J15*0.3)) -> 0.3 | M15: =IF((K15*0.7)>70%,70%,(K15*0.7)) -> 0.7 | N15: =L15+M15 -> 1
A16: 10 | B16: Sibgat Telecom | C16: Chattogram | D16: DSR-0118 | E16: Md. Tareq Rahman | F16: 997 | G16: 1704560.5 | H16: 693 | I16: 986845 | J16: =IFERROR(H16/F16,0) -> 0.69508526 | K16: =IFERROR(I16/G16,0) -> 0.57894396 | L16: =IF((J16*0.3)>30%,30%,(J16*0.3)) -> 0.20852558 | M16: =IF((K16*0.7)>70%,70%,(K16*0.7)) -> 0.40526077 | N16: =L16+M16 -> 0.61378635
A17: 11 | B17: Sibgat Telecom | C17: Chattogram | D17: DSR-0678 | E17: Jahidul Islam | F17: 891 | G17: 1533349.1 | H17: 489 | I17: 920220 | J17: =IFERROR(H17/F17,0) -> 0.54882155 | K17: =IFERROR(I17/G17,0) -> 0.60013732 | L17: =IF((J17*0.3)>30%,30%,(J17*0.3)) -> 0.16464646 | M17: =IF((K17*0.7)>70%,70%,(K17*0.7)) -> 0.42009612 | N17: =L17+M17 -> 0.58474259
A18: 12 | B18: Sibgat Telecom | C18: Chattogram | D18: DSR-0677 | E18: Kazi Mohammad Azimuddin | F18: 1162 | G18: 1988441.8 | H18: 1055 | I18: 1824785 | J18: =IFERROR(H18/F18,0) -> 0.90791738 | K18: =IFERROR(I18/G18,0) -> 0.91769595 | L18: =IF((J18*0.3)>30%,30%,(J18*0.3)) -> 0.27237522 | M18: =IF((K18*0.7)>70%,70%,(K18*0.7)) -> 0.64238716 | N18: =L18+M18 -> 0.91476238
... A215: 209 | B215: Nishat Telecom | C215: Dhaka South | D215: DSR-0150 | E215: Md. Kawsar | F215: 1322 | G215: 1542264.3 | H215: 633 | I215: 1140050 | J215: =IFERROR(H215/F215,0) -> 0.47881997 | K215: =IFERROR(I215/G215,0) -> 0.73920532 | L215: =IF((J215*0.3)>30%,30%,(J215*0.3)) -> 0.14364599 | M215: =IF((K215*0.7)>70%,70%,(K215*0.7)) -> 0.51744373 | N215: =L215+M215 -> 0.66108972
A216: 210 | B216: Taj Telecom | C216: Dhaka South | D216: DSR-0023 | E216: Md. Mosaddek Billah | F216: 1697 | G216: 2448383.6 | H216: #N/A | I216: #N/A | J216: =IFERROR(H216/F216,0) -> 0 | K216: =IFERROR(I216/G216,0) -> 0 | L216: =IF((J216*0.3)>30%,30%,(J216*0.3)) -> 0 | M216: =IF((K216*0.7)>70%,70%,(K216*0.7)) -> 0 | N216: =L216+M216 -> 0
A217: 211 | B217: Taj Telecom | C217: Dhaka South | D217: DSR-0048 | E217: Md. Asif Talukdar | F217: 2233 | G217: 5762639.4 | H217: 300 | I217: 1950990 | J217: =IFERROR(H217/F217,0) -> 0.13434841 | K217: =IFERROR(I217/G217,0) -> 0.33855841 | L217: =IF((J217*0.3)>30%,30%,(J217*0.3)) -> 0.040304523 | M217: =IF((K217*0.7)>70%,70%,(K217*0.7)) -> 0.23699088 | N217: =L217+M217 -> 0.27729541
A218: 212 | B218: Anika Traders | C218: Dhaka South | D218: DSR-0257 | E218: Rabbi | F218: 1463 | G218: 3284382.3 | H218: 1182 | I218: 2644560 | J218: =IFERROR(H218/F218,0) -> 0.80792891 | K218: =IFERROR(I218/G218,0) -> 0.8051925 | L218: =IF((J218*0.3)>30%,30%,(J218*0.3)) -> 0.24237867 | M218: =IF((K218*0.7)>70%,70%,(K218*0.7)) -> 0.56363475 | N218: =L218+M218 -> 0.80601342
A219: 213 | B219: Anika Traders | C219: Dhaka South | D219: DSR-0653 | E219: Hasan Ali Kahn | F219: 973 | G219: 2175122 | H219: 918 | I219: 1246070 | J219: =IFERROR(H219/F219,0) -> 0.94347379 | K219: =IFERROR(I219/G219,0) -> 0.57287361 | L219: =IF((J219*0.3)>30%,30%,(J219*0.3)) -> 0.28304214 | M219: =IF((K219*0.7)>70%,70%,(K219*0.7)) -> 0.40101152 | N219: =L219+M219 -> 0.68405366
A220: 214 | B220: Anika Traders | C220: Dhaka South | D220: DSR-0267 | E220: Faruk Khan | F220: 1050 | G220: 2354975.6 | H220: 1013 | I220: 1515015 | J220: =IFERROR(H220/F220,0) -> 0.9647619 | K220: =IFERROR(I220/G220,0) -> 0.64332512 | L220: =IF((J220*0.3)>30%,30%,(J220*0.3)) -> 0.28942857 | M220: =IF((K220*0.7)>70%,70%,(K220*0.7)) -> 0.45032759 | N220: =L220+M220 -> 0.73975616
A221: 215 | B221: One Telecom | C221: Dhaka South | D221: DSR-0014 | E221: Md. Sofiullah | F221: 3866 | G221: 6216321 | H221: 7252 | I221: 8372400 | J221: =IFERROR(H221/F221,0) -> 1.8758407 | K221: =IFERROR(I221/G221,0) -> 1.3468416 | L221: =IF((J221*0.3)>30%,30%,(J221*0.3)) -> 0.3 | M221: =IF((K221*0.7)>70%,70%,(K221*0.7)) -> 0.7 | N221: =L221+M221 -> 1
A222: 216 | B222: One Telecom | C222: Dhaka South | D222: DSR-0085 | E222: Md.Kawser Molla | F222: 2500 | G222: 4027518.2 | H222: 1181 | I222: 2451770 | J222: =IFERROR(H222/F222,0) -> 0.4724 | K222: =IFERROR(I222/G222,0) -> 0.60875454 | L222: =IF((J222*0.3)>30%,30%,(J222*0.3)) -> 0.14172 | M222: =IF((K222*0.7)>70%,70%,(K222*0.7)) -> 0.42612818 | N222: =L222+M222 -> 0.56784818
A223: 217 | B223: One Telecom | C223: Dhaka South | D223: DSR-0063 | E223: Md. Ariful Islam | F223: 3781 | G223: 6082276.7 | H223: 1726 | I223: 4800975 | J223: =IFERROR(H223/F223,0) -> 0.45649299 | K223: =IFERROR(I223/G223,0) -> 0.78933847 | L223: =IF((J223*0.3)>30%,30%,(J223*0.3)) -> 0.1369479 | M223: =IF((K223*0.7)>70%,70%,(K223*0.7)) -> 0.55253693 | N223: =L223+M223 -> 0.68948483
A224: 218 | B224: One Telecom | C224: Dhaka South | D224: DSR-0039 | E224: Md. Mahfuzur Rahman Masum | F224: 1041 | G224: 1685389.2 | H224: 781 | I224: 1312325 | J224: =IFERROR(H224/F224,0) -> 0.75024015 | K224: =IFERROR(I224/G224,0) -> 0.77864802 | L224: =IF((J224*0.3)>30%,30%,(J224*0.3)) -> 0.22507205 | M224: =IF((K224*0.7)>70%,70%,(K224*0.7)) -> 0.54505361 | N224: =L224+M224 -> 0.77012566
A225: 219 | B225: One Telecom | C225: Dhaka South | D225: DSR-0119 | E225: Sirajul Islam (Nayan) | F225: 2762 | G225: 4444741 | H225: 4404 | I225: 5810580 | J225: =IFERROR(H225/F225,0) -> 1.5944967 | K225: =IFERROR(I225/G225,0) -> 1.3072933 | L225: =IF((J225*0.3)>30%,30%,(J225*0.3)) -> 0.3 | M225: =IF((K225*0.7)>70%,70%,(K225*0.7)) -> 0.7 | N225: =L225+M225 -> 1
A226: 220 | B226: One Telecom, Jatrabari | C226: Dhaka South | D226: DSR-0134 | E226: Md. Toukir | F226: 1045 | G226: 1776822.4 | H226: 1325 | I226: 1730900 | J226: =IFERROR(H226/F226,0) -> 1.2679426 | K226: =IFERROR(I226/G226,0) -> 0.97415476 | L226: =IF((J226*0.3)>30%,30%,(J226*0.3)) -> 0.3 | M226: =IF((K226*0.7)>70%,70%,(K226*0.7)) -> 0.68190833 | N226: =L226+M226 -> 0.98190833
A227: 221 | B227: One Telecom, Jatrabari | C227: Dhaka South | D227: DSR-0145 | E227: Ashiq Ahmed | F227: 1763 | G227: 3004239.6 | H227: 1680 | I227: 2969975 | J227: =IFERROR(H227/F227,0) -> 0.95292116 | K227: =IFERROR(I227/G227,0) -> 0.98859459 | L227: =IF((J227*0.3)>30%,30%,(J227*0.3)) -> 0.28587635 | M227: =IF((K227*0.7)>70%,70%,(K227*0.7)) -> 0.69201622 | N227: =L227+M227 -> 0.97789256
A228: 222 | B228: One Telecom, Jatrabari | C228: Dhaka South | D228: DSR-0139 | E228: Faysal Ahmed | F228: 1128 | G228: 1924614.9 | H228: 840 | I228: 1766720 | J228: =IFERROR(H228/F228,0) -> 0.74468085 | K228: =IFERROR(I228/G228,0) -> 0.91796028 | L228: =IF((J228*0.3)>30%,30%,(J228*0.3)) -> 0.22340426 | M228: =IF((K228*0.7)>70%,70%,(K228*0.7)) -> 0.64257219 | N228: =L228+M228 -> 0.86597645
... A536: 530 | B536: Feroz Telecom | C536: Rangpur | D536: DSR-0253 | E536: Mr. Salim Iqbal | F536: 2568 | G536: 4303997.5 | H536: 3166 | I536: 4974315 | J536: =IFERROR(H536/F536,0) -> 1.232866 | K536: =IFERROR(I536/G536,0) -> 1.155743 | L536: =IF((J536*0.3)>30%,30%,(J536*0.3)) -> 0.3 | M536: =IF((K536*0.7)>70%,70%,(K536*0.7)) -> 0.7 | N536: =L536+M536 -> 1

Sheet JAN+FEB+MAR+MAY+JUNE
B1: Q Achivment'20
AB2: Days | AC2: ='Dealer Wise'!Q2 -> 1
A3: SL No. | B3: Dealer Name | C3: Region/ Cluster | D3: Dealer Zone | E3: JAN'20 | I3: FEB'20 | M3: MAR'20 | Q3: April & May'20 | U3: JUNE'20 | Y3: Q1-2020 | AC3: Per Day
E4: Target | F4: Achievement | G4: % | H4: Score 90% | I4: Target | J4: Achievement | K4: % | L4: Score 90% | M4: Target | N4: Achievement | O4: % | P4: Score 90% | Q4: Target | R4: Achievement | S4: % | T4: Score 90% | U4: Target | V4: Achievement | W4: % | X4: Score 90% | Y4: Q1 Target | Z4: Q1 Achievement | AA4: Q1% | AB4: Remaining
A5: 1 | B5: MM Communication | C5: Dhaka North | D5: Uttara | E5: 13946603 | F5: 15266103 | G5: =IFERROR(F5/E5,0) -> 1.0946108 | H5: =IF(G5>=89.5%,90%,0%) -> 0.9 | I5: 13445482 | J5: 12266706 | K5: =IFERROR(J5/I5,0) -> 0.9123292 | L5: =IF(K5>=89.5%,90%,0%) -> 0.9 | M5: 12846534 | N5: 5541285.7 | O5: =IFERROR(N5/M5,0) -> 0.4313448 | P5: =IF(O5>=89.5%,90%,0%) -> 0 | Q5: 10231115 | R5: 11595518 | S5: =IFERROR(R5/Q5,0) -> 1.1333582 | T5: =IF(S5>=89.5%,90%,0%) -> 0.9 | U5: 15167336 | V5: =VLOOKUP(B5,'Dealer Wise'!B4:F124,5,0) -> 17010991 | W5: =IFERROR(V5/U5,0) -> 1.1215543 | X5: =IF(W5>=89.5%,90%,0%) -> 0.9 | Y5: =E5+I5+M5+Q5+U5 -> 65637071 | Z5: =F5+J5+N5+R5+V5 -> 61680603 | AA5: =IFERROR(Z5/Y5,0) -> 0.93972205 | AB5: =Y5-M5:N126A5 -> #NAME? | AC5: =AB5/AC$2 -> #NAME?
A6: 2 | B6: Shore Distribution | C6: Dhaka North | D6: Savar | E6: 12566633 | F6: 12798336 | G6: =IFERROR(F6/E6,0) -> 1.018438 | H6: =IF(G6>=89.5%,90%,0%) -> 0.9 | I6: 11946061 | J6: 10892992 | K6: =IFERROR(J6/I6,0) -> 0.91184798 | L6: =IF(K6>=89.5%,90%,0%) -> 0.9 | M6: 12036003 | N6: 3688918.8 | O6: =IFERROR(N6/M6,0) -> 0.30649036 | P6: =IF(O6>=89.5%,90%,0%) -> 0 | Q6: 8468919.1 | R6: 11694244 | S6: =IFERROR(R6/Q6,0) -> 1.3808426 | T6: =IF(S6>=89.5%,90%,0%) -> 0.9 | U6: 14973802 | V6: =VLOOKUP(B6,'Dealer Wise'!B5:F125,5,0) -> 13628906 | W6: =IFERROR(V6/U6,0) -> 0.9101834 | X6: =IF(W6>=89.5%,90%,0%) -> 0.9 | Y6: =E6+I6+M6+Q6+U6 -> 59991418 | Z6: =F6+J6+N6+R6+V6 -> 52703398 | AA6: =IFERROR(Z6/Y6,0) -> 0.87851562 | AB6: =Y6-Z6 -> 7288020.4 | AC6: =AB6/AC$2 -> 7288020.4
A7: 3 | B7: Saif Telecom | C7: Dhaka South | D7: Dhanmondi | E7: 13251519 | F7: 13461503 | G7: =IFERROR(F7/E7,0) -> 1.0158461 | H7: =IF(G7>=89.5%,90%,0%) -> 0.9 | I7: 13373096 | J7: 10896642 | K7: =IFERROR(J7/I7,0) -> 0.81481824 | L7: =IF(K7>=89.5%,90%,0%) -> 0 | M7: 13961722 | N7: 6680595.8 | O7: =IFERROR(N7/M7,0) -> 0.4784937 | P7: =IF(O7>=89.5%,90%,0%) -> 0 | Q7: 10636827 | R7: 372471.29 | S7: =IFERROR(R7/Q7,0) -> 0.035017144 | T7: =IF(S7>=89.5%,90%,0%) -> 0 | U7: 10971048 | V7: =VLOOKUP(B7,'Dealer Wise'!B6:F126,5,0) -> 16853739 | W7: =IFERROR(V7/U7,0) -> 1.5362014 | X7: =IF(W7>=89.5%,90%,0%) -> 0.9 | Y7: =E7+I7+M7+Q7+U7 -> 62194211 | Z7: =F7+J7+N7+R7+V7 -> 48264951 | AA7: =IFERROR(Z7/Y7,0) -> 0.77603607 | AB7: =Y7-Z7 -> 13929260 | AC7: =AB7/AC$2 -> 13929260
A8: 4 | B8: Nabil Enterprise | C8: Dhaka North | D8: Gulshan | E8: 24518114 | F8: 24552383 | G8: =IFERROR(F8/E8,0) -> 1.0013977 | H8: =IF(G8>=89.5%,90%,0%) -> 0.9 | I8: 25762885 | J8: 25768230 | K8: =IFERROR(J8/I8,0) -> 1.0002075 | L8: =IF(K8>=89.5%,90%,0%) -> 0.9 | M8: 27386124 | N8: 4459056.4 | O8: =IFERROR(N8/M8,0) -> 0.16282174 | P8: =IF(O8>=89.5%,90%,0%) -> 0 | Q8: 15571528 | R8: 23363649 | S8: =IFERROR(R8/Q8,0) -> 1.5004082 | T8: =IF(S8>=89.5%,90%,0%) -> 0.9 | U8: 31611266 | V8: =VLOOKUP(B8,'Dealer Wise'!B7:F127,5,0) -> 21125124 | W8: =IFERROR(V8/U8,0) -> 0.66827832 | X8: =IF(W8>=89.5%,90%,0%) -> 0 | Y8: =E8+I8+M8+Q8+U8 -> 1.2484992e+08 | Z8: =F8+J8+N8+R8+V8 -> 99268442 | AA8: =IFERROR(Z8/Y8,0) -> 0.79510219 | AB8: =Y8-Z8 -> 25581475 | AC8: =AB8/AC$2 -> 25581475
A9: 5 | B9: TM Communication | C9: Dhaka North | D9: Uttara | E9: 14165697 | F9: 14204736 | G9: =IFERROR(F9/E9,0) -> 1.002756 | H9: =IF(G9>=89.5%,90%,0%) -> 0.9 | I9: 15542888 | J9: 12513226 | K9: =IFERROR(J9/I9,0) -> 0.80507731 | L9: =IF(K9>=89.5%,90%,0%) -> 0 | M9: 15879126 | N9: 6961879.8 | O9: =IFERROR(N9/M9,0) -> 0.43842967 | P9: =IF(O9>=89.5%,90%,0%) -> 0 | Q9: 12896058 | R9: 12473873 | S9: =IFERROR(R9/Q9,0) -> 0.96726247 | T9: =IF(S9>=89.5%,90%,0%) -> 0.9 | U9: 15628878 | V9: =VLOOKUP(B9,'Dealer Wise'!B8:F128,5,0) -> 18134040 | W9: =IFERROR(V9/U9,0) -> 1.1602906 | X9: =IF(W9>=89.5%,90%,0%) -> 0.9 | Y9: =E9+I9+M9+Q9+U9 -> 74112646 | Z9: =F9+J9+N9+R9+V9 -> 64287756 | AA9: =IFERROR(Z9/Y9,0) -> 0.86743301 | AB9: =Y9-Z9 -> 9824890.5 | AC9: =AB9/AC$2 -> 9824890.5
A10: 6 | B10: Mobile House | C10: Dhaka North | D10: Mirpur | E10: 24534222 | F10: 22435448 | G10: =IFERROR(F10/E10,0) -> 0.91445526 | H10: =IF(G10>=89.5%,90%,0%) -> 0.9 | I10: 25134354 | J10: 23636531 | K10: =IFERROR(J10/I10,0) -> 0.94040734 | L10: =IF(K10>=89.5%,90%,0%) -> 0.9 | M10: 26110040 | N10: 11851681 | O10: =IFERROR(N10/M10,0) -> 0.45391279 | P10: =IF(O10>=89.5%,90%,0%) -> 0 | Q10: 17361288 | R10: 16442528 | S10: =IFERROR(R10/Q10,0) -> 0.94707997 | T10: =IF(S10>=89.5%,90%,0%) -> 0.9 | U10: 27982608 | V10: =VLOOKUP(B10,'Dealer Wise'!B9:F129,5,0) -> 30642958 | W10: =IFERROR(V10/U10,0) -> 1.0950716 | X10: =IF(W10>=89.5%,90%,0%) -> 0.9 | Y10: =E10+I10+M10+Q10+U10 -> 1.2112251e+08 | Z10: =F10+J10+N10+R10+V10 -> 1.0500915e+08 | AA10: =IFERROR(Z10/Y10,0) -> 0.86696639 | AB10: =Y10-Z10 -> 16113365 | AC10: =AB10/AC$2 -> 16113365
A11: 7 | B11: Trade plus | C11: Dhaka North | D11: Mirpur | E11: 6896011.5 | F11: 6949645.6 | G11: =IFERROR(F11/E11,0) -> 1.0077775 | H11: =IF(G11>=89.5%,90%,0%) -> 0.9 | I11: 6572328.1 | J11: 6621142.5 | K11: =IFERROR(J11/I11,0) -> 1.0074273 | L11: =IF(K11>=89.5%,90%,0%) -> 0.9 | M11: 6965120.3 | N11: 4072595.2 | O11: =IFERROR(N11/M11,0) -> 0.58471283 | P11: =IF(O11>=89.5%,90%,0%) -> 0 | Q11: 6322222.3 | R11: 1888384.2 | S11: =IFERROR(R11/Q11,0) -> 0.29868994 | T11: =IF(S11>=89.5%,90%,0%) -> 0 | U11: 8265601.5 | V11: =VLOOKUP(B11,'Dealer Wise'!B10:F130,5,0) -> 8466022.9 | W11: =IFERROR(V11/U11,0) -> 1.0242477 | X11: =IF(W11>=89.5%,90%,0%) -> 0.9 | Y11: =E11+I11+M11+Q11+U11 -> 35021284 | Z11: =F11+J11+N11+R11+V11 -> 27997790 | AA11: =IFERROR(Z11/Y11,0) -> 0.79945072 | AB11: =Y11-Z11 -> 7023493.3 | AC11: =AB11/AC$2 -> 7023493.3
A12: 8 | B12: Star Telecom | C12: Dhaka North | D12: Savar | E12: 7016253.3 | F12: 7023259.4 | G12: =IFERROR(F12/E12,0) -> 1.0009985 | H12: =IF(G12>=89.5%,90%,0%) -> 0.9 | I12: 6965260.2 | J12: 6694113.1 | K12: =IFERROR(J12/I12,0) -> 0.96107151 | L12: =IF(K12>=89.5%,90%,0%) -> 0.9 | M12: 6912801.6 | N12: 4148108.8 | O12: =IFERROR(N12/M12,0) -> 0.60006189 | P12: =IF(O12>=89.5%,90%,0%) -> 0 | Q12: 6033147.3 | R12: 6787207 | S12: =IFERROR(R12/Q12,0) -> 1.1249861 | T12: =IF(S12>=89.5%,90%,0%) -> 0.9 | U12: 8672771.8 | V12: =VLOOKUP(B12,'Dealer Wise'!B11:F131,5,0) -> 9250627.4 | W12: =IFERROR(V12/U12,0) -> 1.0666287 | X12: =IF(W12>=89.5%,90%,0%) -> 0.9 | Y12: =E12+I12+M12+Q12+U12 -> 35600234 | Z12: =F12+J12+N12+R12+V12 -> 33903316 | AA12: =IFERROR(Z12/Y12,0) -> 0.95233406 | AB12: =Y12-Z12 -> 1696918.5 | AC12: =AB12/AC$2 -> 1696918.5
A13: 9 | B13: Zaara Corporation | C13: Dhaka North | D13: Savar | E13: 15861346 | F13: 14438925 | G13: =IFERROR(F13/E13,0) -> 0.91032156 | H13: =IF(G13>=89.5%,90%,0%) -> 0.9 | I13: 15806537 | J13: 15830032 | K13: =IFERROR(J13/I13,0) -> 1.0014864 | L13: =IF(K13>=89.5%,90%,0%) -> 0.9 | M13: 15402436 | N13: 9320422.6 | O13: =IFERROR(N13/M13,0) -> 0.60512651 | P13: =IF(O13>=89.5%,90%,0%) -> 0 | Q13: 19424581 | R13: 16282265 | S13: =IFERROR(R13/Q13,0) -> 0.83822992 | T13: =IF(S13>=89.5%,90%,0%) -> 0 | U13: 19367585 | V13: =VLOOKUP(B13,'Dealer Wise'!B12:F132,5,0) -> 21975071 | W13: =IFERROR(V13/U13,0) -> 1.1346314 | X13: =IF(W13>=89.5%,90%,0%) -> 0.9 | Y13: =E13+I13+M13+Q13+U13 -> 85862486 | Z13: =F13+J13+N13+R13+V13 -> 77846716 | AA13: =IFERROR(Z13/Y13,0) -> 0.9066441 | AB13: =Y13-Z13 -> 8015769.3 | AC13: =AB13/AC$2 -> 8015769.3
A14: 10 | B14: One Telecom (CTG Road) | C14: Dhaka South | D14: Narayangonj | E14: 13685260 | F14: 12513322 | G14: =IFERROR(F14/E14,0) -> 0.91436495 | H14: =IF(G14>=89.5%,90%,0%) -> 0.9 | I14: 14002215 | J14: 9679959.8 | K14: =IFERROR(J14/I14,0) -> 0.69131633 | L14: =IF(K14>=89.5%,90%,0%) -> 0 | M14: 13703135 | N14: 5783499.5 | O14: =IFERROR(N14/M14,0) -> 0.42205665 | P14: =IF(O14>=89.5%,90%,0%) -> 0 | Q14: 9066793.2 | R14: 4263316.7 | S14: =IFERROR(R14/Q14,0) -> 0.47021219 | T14: =IF(S14>=89.5%,90%,0%) -> 0 | U14: 16047731 | V14: =VLOOKUP(B14,'Dealer Wise'!B13:F133,5,0) -> 20714177 | W14: =IFERROR(V14/U14,0) -> 1.2907854 | X14: =IF(W14>=89.5%,90%,0%) -> 0.9 | Y14: =E14+I14+M14+Q14+U14 -> 66505135 | Z14: =F14+J14+N14+R14+V14 -> 52954275 | AA14: =IFERROR(Z14/Y14,0) -> 0.7962434 | AB14: =Y14-Z14 -> 13550860 | AC14: =AB14/AC$2 -> 13550860
A15: 11 | B15: M K Trading Co. | C15: Dhaka South | D15: Narshingdi | E15: 8701407 | F15: 7929466.1 | G15: =IFERROR(F15/E15,0) -> 0.9112855 | H15: =IF(G15>=89.5%,90%,0%) -> 0.9 | I15: 9077948.9 | J15: 4184153.7 | K15: =IFERROR(J15/I15,0) -> 0.46091399 | L15: =IF(K15>=89.5%,90%,0%) -> 0 | M15: 7753631.1 | N15: 5840770.4 | O15: =IFERROR(N15/M15,0) -> 0.75329485 | P15: =IF(O15>=89.5%,90%,0%) -> 0 | Q15: 6403039.2 | R15: 5549698.2 | S15: =IFERROR(R15/Q15,0) -> 0.86672877 | T15: =IF(S15>=89.5%,90%,0%) -> 0 | U15: 7324268.2 | V15: =VLOOKUP(B15,'Dealer Wise'!B14:F134,5,0) -> 9421253.6 | W15: =IFERROR(V15/U15,0) -> 1.2863065 | X15: =IF(W15>=89.5%,90%,0%) -> 0.9 | Y15: =E15+I15+M15+Q15+U15 -> 39260294 | Z15: =F15+J15+N15+R15+V15 -> 32925342 | AA15: =IFERROR(Z15/Y15,0) -> 0.83864226 | AB15: =Y15-Z15 -> 6334952.4 | AC15: =AB15/AC$2 -> 6334952.4
A16: 12 | B16: Ananda Electronics | C16: Dhaka South | D16: Shantinagar | E16: 5476783.3 | F16: 4446004.1 | G16: =IFERROR(F16/E16,0) -> 0.81179112 | H16: =IF(G16>=89.5%,90%,0%) -> 0 | I16: 6469583.7 | J16: 3993599.7 | K16: =IFERROR(J16/I16,0) -> 0.61728851 | L16: =IF(K16>=89.5%,90%,0%) -> 0 | M16: 4363777.8 | N16: 1776728.7 | O16: =IFERROR(N16/M16,0) -> 0.40715379 | P16: =IF(O16>=89.5%,90%,0%) -> 0 | Q16: 4000974.1 | R16: 4316090.5 | S16: =IFERROR(R16/Q16,0) -> 1.0787599 | T16: =IF(S16>=89.5%,90%,0%) -> 0.9 | U16: 6358681.2 | V16: =VLOOKUP(B16,'Dealer Wise'!B15:F135,5,0) -> 8976005.1 | W16: =IFERROR(V16/U16,0) -> 1.4116143 | X16: =IF(W16>=89.5%,90%,0%) -> 0.9 | Y16: =E16+I16+M16+Q16+U16 -> 26669800 | Z16: =F16+J16+N16+R16+V16 -> 23508428 | AA16: =IFERROR(Z16/Y16,0) -> 0.88146247 | AB16: =Y16-Z16 -> 3161372.1 | AC16: =AB16/AC$2 -> 3161372.1
A17: 13 | B17: Taj Telecom | C17: Dhaka South | D17: Dhanmondi | E17: 8730470.1 | F17: 2747935.2 | G17: =IFERROR(F17/E17,0) -> 0.31475226 | H17: =IF(G17>=89.5%,90%,0%) -> 0 | I17: 6700617.8 | J17: 3534105.8 | K17: =IFERROR(J17/I17,0) -> 0.52742985 | L17: =IF(K17>=89.5%,90%,0%) -> 0 | M17: 4955036.7 | N17: 1718410.5 | O17: =IFERROR(N17/M17,0) -> 0.34680076 | P17: =IF(O17>=89.5%,90%,0%) -> 0 | Q17: 2839901.9 | R17: 3370138.6 | S17: =IFERROR(R17/Q17,0) -> 1.1867095 | T17: =IF(S17>=89.5%,90%,0%) -> 0.9 | U17: 6925170 | V17: =VLOOKUP(B17,'Dealer Wise'!B16:F136,5,0) -> 2134036 | W17: =IFERROR(V17/U17,0) -> 0.30815648 | X17: =IF(W17>=89.5%,90%,0%) -> 0 | Y17: =E17+I17+M17+Q17+U17 -> 30151196 | Z17: =F17+J17+N17+R17+V17 -> 13504626 | AA17: =IFERROR(Z17/Y17,0) -> 0.44789686 | AB17: =Y17-Z17 -> 16646570 | AC17: =AB17/AC$2 -> 16646570
... A20: 16 | B20: One Telecom, Narayangonj | C20: Dhaka South | D20: Narayangonj | E20: 12287767 | F20: 11228953 | G20: =IFERROR(F20/E20,0) -> 0.91383188 | H20: =IF(G20>=89.5%,90%,0%) -> 0.9 | I20: 11631810 | J20: 9319153.3 | K20: =IFERROR(J20/I20,0) -> 0.80117828 | L20: =IF(K20>=89.5%,90%,0%) -> 0 | M20: 10956964 | N20: 3728606.7 | O20: =IFERROR(N20/M20,0) -> 0.34029561 | P20: =IF(O20>=89.5%,90%,0%) -> 0 | Q20: 7025617.9 | R20: 5978094.2 | S20: =IFERROR(R20/Q20,0) -> 0.85089942 | T20: =IF(S20>=89.5%,90%,0%) -> 0 | U20: 12518444 | V20: =VLOOKUP(B20,'Dealer Wise'!B19:F139,5,0) -> 14968281 | W20: =IFERROR(V20/U20,0) -> 1.1956982 | X20: =IF(W20>=89.5%,90%,0%) -> 0.9 | Y20: =E20+I20+M20+Q20+U20 -> 54420602 | Z20: =F20+J20+N20+R20+V20 -> 45223088 | AA20: =IFERROR(Z20/Y20,0) -> 0.83099206 | AB20: =Y20-Z20 -> 9197513.9 | AC20: =AB20/AC$2 -> 9197513.9
A21: 17 | B21: Tahia Enterprise | C21: Dhaka South | D21: Narayangonj | E21: 8345031.5 | F21: 8381093.7 | G21: =IFERROR(F21/E21,0) -> 1.0043214 | H21: =IF(G21>=89.5%,90%,0%) -> 0.9 | I21: 8772977.8 | J21: 5906750 | K21: =IFERROR(J21/I21,0) -> 0.67328906 | L21: =IF(K21>=89.5%,90%,0%) -> 0 | M21: 7753631.1 | N21: 5468520.7 | O21: =IFERROR(N21/M21,0) -> 0.70528513 | P21: =IF(O21>=89.5%,90%,0%) -> 0 | Q21: 6100130.4 | R21: 6783091.4 | S21: =IFERROR(R21/Q21,0) -> 1.1119584 | T21: =IF(S21>=89.5%,90%,0%) -> 0.9 | U21: 8136031.6 | V21: =VLOOKUP(B21,'Dealer Wise'!B20:F140,5,0) -> 10039194 | W21: =IFERROR(V21/U21,0) -> 1.2339177 | X21: =IF(W21>=89.5%,90%,0%) -> 0.9 | Y21: =E21+I21+M21+Q21+U21 -> 39107802 | Z21: =F21+J21+N21+R21+V21 -> 36578649 | AA21: =IFERROR(Z21/Y31,0) -> 0.20758913 | AB21: =Y31-Z21 -> 1.3962831e+08 | AC21: =AB21/AC$2 -> 1.3962831e+08
A22: 18 | B22: Anika Traders | C22: Dhaka South | D22: Jatrabari | E22: 7267570.9 | F22: 5922143.8 | G22: =IFERROR(F22/E22,0) -> 0.81487252 | H22: =IF(G22>=89.5%,90%,0%) -> 0 | I22: 7013095.6 | J22: 5614677.6 | K22: =IFERROR(J22/I22,0) -> 0.80059905 | L22: =IF(K22>=89.5%,90%,0%) -> 0 | M22: 6552441.2 | N22: 4278936.1 | O22: =IFERROR(N22/M22,0) -> 0.6530293 | P22: =IF(O22>=89.5%,90%,0%) -> 0 | Q22: 5005247.1 | R22: 2436957.8 | S22: =IFERROR(R22/Q22,0) -> 0.48688062 | T22: =IF(S22>=89.5%,90%,0%) -> 0 | U22: 7613818 | V22: =VLOOKUP(B22,'Dealer Wise'!B21:F141,5,0) -> 6568038.6 | W22: =IFERROR(V22/U22,0) -> 0.86264718 | X22: =IF(W22>=89.5%,90%,0%) -> 0 | Y22: =E22+I22+M22+Q22+U22 -> 33452173 | Z22: =F22+J22+N22+R22+V22 -> 24820754 | AA22: =IFERROR(Z22/Y32,0) -> 0.27561197 | AB22: =Y32-Z22 -> 65236125 | AC22: =AB22/AC$2 -> 65236125
A23: 19 | B23: Mehereen Telecom | C23: Dhaka South | D23: Munshigonj | E23: 11256993 | F23: 9206764.4 | G23: =IFERROR(F23/E23,0) -> 0.81787067 | H23: =IF(G23>=89.5%,90%,0%) -> 0 | I23: 11059256 | J23: 5388835.8 | K23: =IFERROR(J23/I23,0) -> 0.48726931 | L23: =IF(K23>=89.5%,90%,0%) -> 0 | M23: 10575100 | N23: 6228991.5 | O23: =IFERROR(N23/M23,0) -> 0.58902438 | P23: =IF(O23>=89.5%,90%,0%) -> 0 | Q23: 7819923 | R23: 6348798.5 | S23: =IFERROR(R23/Q23,0) -> 0.8118748 | T23: =IF(S23>=89.5%,90%,0%) -> 0 | U23: 11322607 | V23: =VLOOKUP(B23,'Dealer Wise'!B22:F142,5,0) -> 13666723 | W23: =IFERROR(V23/U23,0) -> 1.2070297 | X23: =IF(W23>=89.5%,90%,0%) -> 0.9 | Y23: =E23+I23+M23+Q23+U23 -> 52033878 | Z23: =F23+J23+N23+R23+V23 -> 40840113 | AA23: =IFERROR(Z23/Y33,0) -> 1.6098809 | AB23: =Y33-Z23 -> -15471707 | AC23: =AB23/AC$2 -> -15471707
A24: 20 | B24: Nishat Telecom | C24: Dhaka South | D24: Shantinagar | E24: 10010926 | F24: 8658426.9 | G24: =IFERROR(F24/E24,0) -> 0.86489774 | H24: =IF(G24>=89.5%,90%,0%) -> 0 | I24: 10514524 | J24: 10566830 | K24: =IFERROR(J24/I24,0) -> 1.0049747 | L24: =IF(K24>=89.5%,90%,0%) -> 0.9 | M24: 9673349.1 | N24: 4989026.5 | O24: =IFERROR(N24/M24,0) -> 0.51574966 | P24: =IF(O24>=89.5%,90%,0%) -> 0 | Q24: 9746918.3 | R24: 9963733.7 | S24: =IFERROR(R24/Q24,0) -> 1.0222445 | T24: =IF(S24>=89.5%,90%,0%) -> 0.9 | U24: 11237412 | V24: =VLOOKUP(B24,'Dealer Wise'!B23:F143,5,0) -> 14618145 | W24: =IFERROR(V24/U24,0) -> 1.3008462 | X24: =IF(W24>=89.5%,90%,0%) -> 0.9 | Y24: =E24+I24+M24+Q24+U24 -> 51183129 | Z24: =F24+J24+N24+R24+V24 -> 48796163 | AA24: =IFERROR(Z24/Y34,0) -> 0.78205387 | AB24: =Y34-Z24 -> 13598724 | AC24: =AB24/AC$2 -> 13598724
A25: 21 | B25: One Telecom | C25: Dhaka South | D25: Paltan | E25: 14840547 | F25: 16510229 | G25: =IFERROR(F25/E25,0) -> 1.1125081 | H25: =IF(G25>=89.5%,90%,0%) -> 0.9 | I25: 15433097 | J25: 12789230 | K25: =IFERROR(J25/I25,0) -> 0.82868855 | L25: =IF(K25>=89.5%,90%,0%) -> 0 | M25: 14015290 | N25: 7697075 | O25: =IFERROR(N25/M25,0) -> 0.5491913 | P25: =IF(O25>=89.5%,90%,0%) -> 0 | Q25: 11258297 | R25: 6792778 | S25: =IFERROR(R25/Q25,0) -> 0.6033575 | T25: =IF(S25>=89.5%,90%,0%) -> 0 | U25: 15204681 | V25: =VLOOKUP(B25,'Dealer Wise'!B24:F144,5,0) -> 24365614 | W25: =IFERROR(V25/U25,0) -> 1.6025074 | X25: =IF(W25>=89.5%,90%,0%) -> 0.9 | Y25: =E25+I25+M25+Q25+U25 -> 70751911 | Z25: =F25+J25+N25+R25+V25 -> 68154926 | AA25: =IFERROR(Z25/Y35,0) -> 1.3951027 | AB25: =Y35-Z25 -> -19301946 | AC25: =AB25/AC$2 -> -19301946
A26: 22 | B26: One Telecom, Jatrabari | C26: Dhaka South | D26: Jatrabari | E26: 8466647.4 | F26: 7690130.7 | G26: =IFERROR(F26/E26,0) -> 0.90828522 | H26: =IF(G26>=89.5%,90%,0%) -> 0.9 | I26: 9035879.4 | J26: 7874551 | K26: =IFERROR(J26/I26,0) -> 0.87147588 | L26: =IF(K26>=89.5%,90%,0%) -> 0 | M26: 9470719.9 | N26: 6058092.4 | O26: =IFERROR(N26/M26,0) -> 0.63966546 | P26: =IF(O26>=89.5%,90%,0%) -> 0 | Q26: 7834208.2 | R26: 4001812.6 | S26: =IFERROR(R26/Q26,0) -> 0.51081264 | T26: =IF(S26>=89.5%,90%,0%) -> 0 | U26: 9949681.5 | V26: =VLOOKUP(B26,'Dealer Wise'!B25:F145,5,0) -> 13224640 | W26: =IFERROR(V26/U26,0) -> 1.3291521 | X26: =IF(W26>=89.5%,90%,0%) -> 0.9 | Y26: =E26+I26+M26+Q26+U26 -> 44757136 | Z26: =F26+J26+N26+R26+V26 -> 38849226 | AA26: =IFERROR(Z26/Y36,0) -> 0.53541877 | AB26: =Y36-Z26 -> 33709355 | AC26: =AB26/AC$2 -> 33709355
A27: 23 | B27: F N Traders | C27: Dhaka North | D27: Gazipur | E27: 5658323.2 | F27: 3566355 | G27: =IFERROR(F27/E27,0) -> 0.63028479 | H27: =IF(G27>=89.5%,90%,0%) -> 0 | I27: 5453825.6 | J27: 2972089.5 | K27: =IFERROR(J27/I27,0) -> 0.544955 | L27: =IF(K27>=89.5%,90%,0%) -> 0 | M27: 3900046.3 | N27: 2167455.4 | O27: =IFERROR(N27/M27,0) -> 0.55575119 | P27: =IF(O27>=89.5%,90%,0%) -> 0 | Q27: 7976320.6 | R27: 9664592.2 | S27: =IFERROR(R27/Q27,0) -> 1.2116605 | T27: =IF(S27>=89.5%,90%,0%) -> 0.9 | U27: 4983838 | V27: =VLOOKUP(B27,'Dealer Wise'!B26:F146,5,0) -> 8442394.1 | W27: =IFERROR(V27/U27,0) -> 1.6939544 | X27: =IF(W27>=89.5%,90%,0%) -> 0.9 | Y27: =E27+I27+M27+Q27+U27 -> 27972354 | Z27: =F27+J27+N27+R27+V27 -> 26812886 | AA27: =IFERROR(Z27/Y37,0) -> 0.92764898 | AB27: =Y37-Z27 -> 2091243.3 | AC27: =AB27/AC$2 -> 2091243.3
A28: 24 | B28: Rathura Enterprise – 2 | C28: Dhaka North | D28: Gazipur | E28: 6044659.8 | F28: 6298732 | G28: =IFERROR(F28/E28,0) -> 1.0420325 | H28: =IF(G28>=89.5%,90%,0%) -> 0.9 | I28: 9169049.7 | J28: 9359171.4 | K28: =IFERROR(J28/I28,0) -> 1.0207352 | L28: =IF(K28>=89.5%,90%,0%) -> 0.9 | M28: 9420009.5 | N28: 4571803.5 | O28: =IFERROR(N28/M28,0) -> 0.48532897 | P28: =IF(O28>=89.5%,90%,0%) -> 0 | Q28: 7688847.6 | R28: 7845078 | S28: =IFERROR(R28/Q28,0) -> 1.0203191 | T28: =IF(S28>=89.5%,90%,0%) -> 0.9 | U28: 10777373 | V28: =VLOOKUP(B28,'Dealer Wise'!B27:F147,5,0) -> 14884903 | W28: =IFERROR(V28/U28,0) -> 1.3811254 | X28: =IF(W28>=89.5%,90%,0%) -> 0.9 | Y28: =E28+I28+M28+Q28+U28 -> 43099939 | Z28: =F28+J28+N28+R28+V28 -> 42959688 | AA28: =IFERROR(Z28/Y38,0) -> 1.7904805 | AB28: =Y38-Z28 -> -18966303 | AC28: =AB28/AC$2 -> -18966303
A29: 25 | B29: M/S. Sumon Telecoms | C29: Dhaka North | D29: Mymensingh | E29: 2326781.4 | F29: 207401.81 | G29: =IFERROR(F29/E29,0) -> 0.089136786 | H29: =IF(G29>=89.5%,90%,0%) -> 0 | I29: 2178753.2 | J29: 1885969.7 | K29: =IFERROR(J29/I29,0) -> 0.86561877 | L29: =IF(K29>=89.5%,90%,0%) -> 0 | M29: 2505467.9 | N29: 1005820.9 | O29: =IFERROR(N29/M29,0) -> 0.40145034 | P29: =IF(O29>=89.5%,90%,0%) -> 0 | Q29: 3246047.9 | R29: 1500897.3 | S29: =IFERROR(R29/Q29,0) -> 0.46237684 | T29: =IF(S29>=89.5%,90%,0%) -> 0 | U29: 1837611.1 | V29: =VLOOKUP(B29,'Dealer Wise'!B28:F148,5,0) -> 1872031 | W29: =IFERROR(V29/U29,0) -> 1.0187308 | X29: =IF(W29>=89.5%,90%,0%) -> 0.9 | Y29: =E29+I29+M29+Q29+U29 -> 12094661 | Z29: =F29+J29+N29+R29+V29 -> 6472120.7 | AA29: =IFERROR(Z29/Y39,0) -> 0.10807831 | AB29: =Y39-Z29 -> 53411502 | AC29: =AB29/AC$2 -> 53411502
A30: 26 | B30: Mobile Point | C30: Dhaka North | D30: Gazipur | E30: 5467555.9 | F30: 5259150.5 | G30: =IFERROR(F30/E30,0) -> 0.96188327 | H30: =IF(G30>=89.5%,90%,0%) -> 0.9 | I30: 4693554.9 | J30: 4737512.8 | K30: =IFERROR(J30/I30,0) -> 1.0093656 | L30: =IF(K30>=89.5%,90%,0%) -> 0.9 | M30: 5411113.6 | N30: 3289042.3 | O30: =IFERROR(N30/M30,0) -> 0.60783095 | P30: =IF(O30>=89.5%,90%,0%) -> 0 | Q30: 4555794.9 | R30: 4988156.9 | S30: =IFERROR(R30/Q30,0) -> 1.0949038 | T30: =IF(S30>=89.5%,90%,0%) -> 0.9 | U30: 5468353.3 | V30: =VLOOKUP(B30,'Dealer Wise'!B29:F149,5,0) -> 7614226.5 | W30: =IFERROR(V30/U30,0) -> 1.3924167 | X30: =IF(W30>=89.5%,90%,0%) -> 0.9 | Y30: =E30+I30+M30+Q30+U30 -> 25596373 | Z30: =F30+J30+N30+R30+V30 -> 25888089 | AA30: =IFERROR(Z30/Y40,0) -> 0.65813029 | AB30: =Y40-Z30 -> 13447723 | AC30: =AB30/AC$2 -> 13447723
A31: 27 | B31: Rathura Enterprise | C31: Dhaka North | D31: Gazipur | E31: 36189056 | F31: 36581898 | G31: =IFERROR(F31/E31,0) -> 1.0108553 | H31: =IF(G31>=89.5%,90%,0%) -> 0.9 | I31: 36204566 | J31: 36404334 | K31: =IFERROR(J31/I31,0) -> 1.0055178 | L31: =IF(K31>=89.5%,90%,0%) -> 0.9 | M31: 36642508 | N31: 18042690 | O31: =IFERROR(N31/M31,0) -> 0.4923978 | P31: =IF(O31>=89.5%,90%,0%) -> 0 | Q31: 29503982 | R31: 29666880 | S31: =IFERROR(R31/Q31,0) -> 1.0055212 | T31: =IF(S31>=89.5%,90%,0%) -> 0.9 | U31: 37666846 | V31: =VLOOKUP(B31,'Dealer Wise'!B30:F150,5,0) -> 52729026 | W31: =IFERROR(V31/U31,0) -> 1.399879 | X31: =IF(W31>=89.5%,90%,0%) -> 0.9 | Y31: =E31+I31+M31+Q31+U31 -> 1.7620696e+08 | Z31: =F31+J31+N31+R31+V31 -> 1.7342483e+08 | AA31: =IFERROR(Z31/Y31,0) -> 0.98421101 | AB31: =Y31-Z31 -> 2782129.8 | AC31: =AB31/AC$2 -> 2782129.8
A32: 28 | B32: M/S Siddique Enterprise | C32: Dhaka North | D32: Jamalpur | E32: 18057911 | F32: 17576176 | G32: =IFERROR(F32/E32,0) -> 0.97332276 | H32: =IF(G32>=89.5%,90%,0%) -> 0.9 | I32: 18128278 | J32: 16510217 | K32: =IFERROR(J32/I32,0) -> 0.91074381 | L32: =IF(K32>=89.5%,90%,0%) -> 0.9 | M32: 16773490 | N32: 9536764.9 | O32: =IFERROR(N32/M32,0) -> 0.56856175 | P32: =IF(O32>=89.5%,90%,0%) -> 0 | Q32: 16564828 | R32: 20110720 | S32: =IFERROR(R32/Q32,0) -> 1.2140615 | T32: =IF(S32>=89.5%,90%,0%) -> 0.9 | U32: 20532372 | V32: =VLOOKUP(B32,'Dealer Wise'!B4:F124,5,0) -> 18441931 | W32: =IFERROR(V32/U32,0) -> 0.89818808 | X32: =IF(W32>=89.5%,90%,0%) -> 0.9 | Y32: =E32+I32+M32+Q32+U32 -> 90056879 | Z32: =F32+J32+N32+R32+V32 -> 82175810 | AA32: =IFERROR(Z32/Y32,0) -> 0.91248787 | AB32: =Y32-Z32 -> 7881069.3 | AC32: =AB32/AC$2 -> 7881069.3
A33: 29 | B33: Priyo Telecom | C33: Dhaka North | D33: Tangail | E33: 4092843.5 | F33: 4759278.4 | G33: =IFERROR(F33/E33,0) -> 1.1628293 | H33: =IF(G33>=89.5%,90%,0%) -> 0.9 | I33: 4769847.4 | J33: 4854607.6 | K33: =IFERROR(J33/I33,0) -> 1.01777 | L33: =IF(K33>=89.5%,90%,0%) -> 0.9 | M33: 5306923.6 | N33: 3525944.7 | O33: =IFERROR(N33/M33,0) -> 0.66440466 | P33: =IF(O33>=89.5%,90%,0%) -> 0 | Q33: 5908296.3 | R33: 6473011.4 | S33: =IFERROR(R33/Q33,0) -> 1.09558 | T33: =IF(S33>=89.5%,90%,0%) -> 0.9 | U33: 5290495.5 | V33: =VLOOKUP(B33,'Dealer Wise'!B32:F152,5,0) -> 6167709.9 | W33: =IFERROR(V33/U33,0) -> 1.1658095 | X33: =IF(W33>=89.5%,90%,0%) -> 0.9 | Y33: =E33+I33+M33+Q33+U33 -> 25368406 | Z33: =F33+J33+N33+R33+V33 -> 25780552 | AA33: =IFERROR(Z33/Y33,0) -> 1.0162464 | AB33: =Y33-Z33 -> -412145.77 | AC33: =AB33/AC$2 -> -412145.77
A34: 30 | B34: Repon Enterprise | C34: Dhaka North | D34: Netrokona | E34: 11359254 | F34: 11958386 | G34: =IFERROR(F34/E34,0) -> 1.0527439 | H34: =IF(G34>=89.5%,90%,0%) -> 0.9 | I34: 12229300 | J34: 11144410 | K34: =IFERROR(J34/I34,0) -> 0.91128763 | L34: =IF(K34>=89.5%,90%,0%) -> 0.9 | M34: 12014734 | N34: 5997877.5 | O34: =IFERROR(N34/M34,0) -> 0.49921016 | P34: =IF(O34>=89.5%,90%,0%) -> 0 | Q34: 11580126 | R34: 13451293 | S34: =IFERROR(R34/Q34,0) -> 1.1615844 | T34: =IF(S34>=89.5%,90%,0%) -> 0.9 | U34: 15211473 | V34: =VLOOKUP(B34,'Dealer Wise'!B33:F153,5,0) -> 16584227 | W34: =IFERROR(V34/U34,0) -> 1.0902446 | X34: =IF(W34>=89.5%,90%,0%) -> 0.9 | Y34: =E34+I34+M34+Q34+U34 -> 62394887 | Z34: =F34+J34+N34+R34+V34 -> 59136192 | AA34: =IFERROR(Z34/Y34,0) -> 0.94777305 | AB34: =Y34-Z34 -> 3258694.5 | AC34: =AB34/AC$2 -> 3258694.5
A35: 31 | B35: M/S Saidur Electronics | C35: Dhaka North | D35: Mymensingh | E35: 8751896 | F35: 8755764.6 | G35: =IFERROR(F35/E35,0) -> 1.000442 | H35: =IF(G35>=89.5%,90%,0%) -> 0.9 | I35: 8868116 | J35: 9483601.4 | K35: =IFERROR(J35/I35,0) -> 1.0694043 | L35: =IF(K35>=89.5%,90%,0%) -> 0.9 | M35: 8810214.6 | N35: 8205083.4 | O35: =IFERROR(N35/M35,0) -> 0.93131482 | P35: =IF(O35>=89.5%,90%,0%) -> 0.9 | Q35: 12023736 | R35: 15207928 | S35: =IFERROR(R35/Q35,0) -> 1.2648255 | T35: =IF(S35>=89.5%,90%,0%) -> 0.9 | U35: 10399017 | V35: =VLOOKUP(B35,'Dealer Wise'!B7:F127,5,0) -> 15115605 | W35: =IFERROR(V35/U35,0) -> 1.4535609 | X35: =IF(W35>=89.5%,90%,0%) -> 0.9 | Y35: =E35+I35+M35+Q35+U35 -> 48852980 | Z35: =F35+J35+N35+R35+V35 -> 56767983 | AA35: =IFERROR(Z35/Y35,0) -> 1.1620168 | AB35: =Y35-Z35 -> -7915002.7 | AC35: =AB35/AC$2 -> -7915002.7
A36: 32 | B36: M/S Zaman Enterprise | C36: Dhaka North | D36: Mymensingh | E36: 14114289 | F36: 4397166.2 | G36: =IFERROR(F36/E36,0) -> 0.31154004 | H36: =IF(G36>=89.5%,90%,0%) -> 0 | I36: 13171231 | J36: 13236078 | K36: =IFERROR(J36/I36,0) -> 1.0049234 | L36: =IF(K36>=89.5%,90%,0%) -> 0.9 | M36: 15022690 | N36: 6802140.9 | O36: =IFERROR(N36/M36,0) -> 0.45279115 | P36: =IF(O36>=89.5%,90%,0%) -> 0 | Q36: 15045238 | R36: 15106263 | S36: =IFERROR(R36/Q36,0) -> 1.0040561 | T36: =IF(S36>=89.5%,90%,0%) -> 0.9 | U36: 15205134 | V36: =VLOOKUP(B36,'Dealer Wise'!B8:F128,5,0) -> 21084970 | W36: =IFERROR(V36/U36,0) -> 1.3867007 | X36: =IF(W36>=89.5%,90%,0%) -> 0.9 | Y36: =E36+I36+M36+Q36+U36 -> 72558582 | Z36: =F36+J36+N36+R36+V36 -> 60626618 | AA36: =IFERROR(Z36/Y36,0) -> 0.83555407 | AB36: =Y36-Z36 -> 11931963 | AC36: =AB36/AC$2 -> 11931963
A37: 33 | B37: Shisha Stationary & Electronics | C37: Dhaka North | D37: Mymensingh | E37: 4985965.3 | F37: 5267295.6 | G37: =IFERROR(F37/E37,0) -> 1.0564244 | H37: =IF(G37>=89.5%,90%,0%) -> 0.9 | I37: 5138726.7 | J37: 6039191.2 | K37: =IFERROR(J37/I37,0) -> 1.1752311 | L37: =IF(K37>=89.5%,90%,0%) -> 0.9 | M37: 5554870.3 | N37: 4388863.7 | O37: =IFERROR(N37/M37,0) -> 0.79009292 | P37: =IF(O37>=89.5%,90%,0%) -> 0 | Q37: 6716798.8 | R37: 7327165 | S37: =IFERROR(R37/Q37,0) -> 1.0908716 | T37: =IF(S37>=89.5%,90%,0%) -> 0.9 | U37: 6507768.5 | V37: =VLOOKUP(B37,'Dealer Wise'!B36:F156,5,0) -> 6942003.7 | W37: =IFERROR(V37/U37,0) -> 1.0667257 | X37: =IF(W37>=89.5%,90%,0%) -> 0.9 | Y37: =E37+I37+M37+Q37+U37 -> 28904130 | Z37: =F37+J37+N37+R37+V37 -> 29964519 | AA37: =IFERROR(Z37/Y37,0) -> 1.0366864 | AB37: =Y37-Z37 -> -1060389.7 | AC37: =AB37/AC$2 -> -1060389.7
A38: 34 | B38: M/S. Sujan Telecom | C38: Dhaka North | D38: Netrokona | E38: 4561648.1 | F38: 4611830.1 | G38: =IFERROR(F38/E38,0) -> 1.0110009 | H38: =IF(G38>=89.5%,90%,0%) -> 0.9 | I38: 4301975.2 | J38: 5121956 | K38: =IFERROR(J38/I38,0) -> 1.1906056 | L38: =IF(K38>=89.5%,90%,0%) -> 0.9 | M38: 4844036.7 | N38: 2604879 | O38: =IFERROR(N38/M38,0) -> 0.53774964 | P38: =IF(O38>=89.5%,90%,0%) -> 0 | Q38: 5593376.5 | R38: 5929536.1 | S38: =IFERROR(R38/Q38,0) -> 1.0600996 | T38: =IF(S38>=89.5%,90%,0%) -> 0.9 | U38: 4692348.7 | V38: =VLOOKUP(B38,'Dealer Wise'!B10:F130,5,0) -> 7831770.3 | W38: =IFERROR(V38/U38,0) -> 1.6690512 | X38: =IF(W38>=89.5%,90%,0%) -> 0.9 | Y38: =E38+I38+M38+Q38+U38 -> 23993385 | Z38: =F38+J38+N38+R38+V38 -> 26099972 | AA38: =IFERROR(Z38/Y38,0) -> 1.0877986 | AB38: =Y38-Z38 -> -2106586.4 | AC38: =AB38/AC$2 -> -2106586.4
A39: 35 | B39: Shaheen Multimedia & Telecom | C39: Dhaka North | D39: Netrokona | E39: 11467512 | F39: 11775999 | G39: =IFERROR(F39/E39,0) -> 1.0269009 | H39: =IF(G39>=89.5%,90%,0%) -> 0.9 | I39: 11194543 | J39: 10780501 | K39: =IFERROR(J39/I39,0) -> 0.96301393 | L39: =IF(K39>=89.5%,90%,0%) -> 0.9 | M39: 12014734 | N39: 5138832.9 | O39: =IFERROR(N39/M39,0) -> 0.4277109 | P39: =IF(O39>=89.5%,90%,0%) -> 0 | Q39: 11370516 | R39: 20634084 | S39: =IFERROR(R39/Q39,0) -> 1.8147007 | T39: =IF(S39>=89.5%,90%,0%) -> 0.9 | U39: 13836316 | V39: =VLOOKUP(B39,'Dealer Wise'!B38:F158,5,0) -> 18801128 | W39: =IFERROR(V39/U39,0) -> 1.3588247 | X39: =IF(W39>=89.5%,90%,0%) -> 0.9 | Y39: =E39+I39+M39+Q39+U39 -> 59883623 | Z39: =F39+J39+N39+R39+V39 -> 67130545 | AA39: =IFERROR(Z39/Y39,0) -> 1.1210168 | AB39: =Y39-Z39 -> -7246922.1 | AC39: =AB39/AC$2 -> -7246922.1
A40: 36 | B40: M/S. Mukul Enterprise | C40: Dhaka North | D40: Jamalpur | E40: 7142539.8 | F40: 7465139.6 | G40: =IFERROR(F40/E40,0) -> 1.045166 | H40: =IF(G40>=89.5%,90%,0%) -> 0.9 | I40: 8262920.9 | J40: 7537088.7 | K40: =IFERROR(J40/I40,0) -> 0.91215792 | L40: =IF(K40>=89.5%,90%,0%) -> 0.9 | M40: 7473254.7 | N40: 3546790.7 | O40: =IFERROR(N40/M40,0) -> 0.47459786 | P40: =IF(O40>=89.5%,90%,0%) -> 0 | Q40: 7798119.9 | R40: 10454228 | S40: =IFERROR(R40/Q40,0) -> 1.3406087 | T40: =IF(S40>=89.5%,90%,0%) -> 0.9 | U40: 8658976.4 | V40: =VLOOKUP(B40,'Dealer Wise'!B12:F132,5,0) -> 12252774 | W40: =IFERROR(V40/U40,0) -> 1.4150372 | X40: =IF(W40>=89.5%,90%,0%) -> 0.9 | Y40: =E40+I40+M40+Q40+U40 -> 39335812 | Z40: =F40+J40+N40+R40+V40 -> 41256021 | AA40: =IFERROR(Z40/Y40,0) -> 1.0488158 | AB40: =Y40-Z40 -> -1920209.1 | AC40: =AB40/AC$2 -> -1920209.1
A41: 37 | B41: Bismillah Telecom | C41: Dhaka North | D41: Jamalpur | E41: 5947608 | F41: 5415446.3 | G41: =IFERROR(F41/E41,0) -> 0.91052509 | H41: =IF(G41>=89.5%,90%,0%) -> 0.9 | I41: 5448695.8 | J41: 5892103.6 | K41: =IFERROR(J41/I41,0) -> 1.0813787 | L41: =IF(K41>=89.5%,90%,0%) -> 0.9 | M41: 6197064.3 | N41: 2795119.6 | O41: =IFERROR(N41/M41,0) -> 0.45103931 | P41: =IF(O41>=89.5%,90%,0%) -> 0 | Q41: 6567947.4 | R41: 8374632.4 | S41: =IFERROR(R41/Q41,0) -> 1.2750761 | T41: =IF(S41>=89.5%,90%,0%) -> 0.9 | U41: 6787407 | V41: =VLOOKUP(B41,'Dealer Wise'!B13:F133,5,0) -> 9717752.9 | W41: =IFERROR(V41/U41,0) -> 1.4317328 | X41: =IF(W41>=89.5%,90%,0%) -> 0.9 | Y41: =E41+I41+M41+Q41+U41 -> 30948722 | Z41: =F41+J41+N41+R41+V41 -> 32195055 | AA41: =IFERROR(Z41/Y41,0) -> 1.0402709 | AB41: =Y41-Z41 -> -1246332.4 | AC41: =AB41/AC$2 -> -1246332.4
A42: 38 | B42: S.M Tel | C42: Dhaka North | D42: Tangail | E42: 16177259 | F42: 14742379 | G42: =IFERROR(F42/E42,0) -> 0.91130269 | H42: =IF(G42>=89.5%,90%,0%) -> 0.9 | I42: 16729959 | J42: 16762728 | K42: =IFERROR(J42/I42,0) -> 1.0019587 | L42: =IF(K42>=89.5%,90%,0%) -> 0.9 | M42: 16441199 | N42: 8250051.3 | O42: =IFERROR(N42/M42,0) -> 0.50179133 | P42: =IF(O42>=89.5%,90%,0%) -> 0 | Q42: 12078627 | R42: 20315634 | S42: =IFERROR(R42/Q42,0) -> 1.681949 | T42: =IF(S42>=89.5%,90%,0%) -> 0.9 | U42: 18214704 | V42: =VLOOKUP(B42,'Dealer Wise'!B41:F161,5,0) -> 22168706 | W42: =IFERROR(V42/U42,0) -> 1.2170775 | X42: =IF(W42>=89.5%,90%,0%) -> 0.9 | Y42: =E42+I42+M42+Q42+U42 -> 79641747 | Z42: =F42+J42+N42+R42+V42 -> 82239499 | AA42: =IFERROR(Z42/Y42,0) -> 1.032618 | AB42: =Y42-Z42 -> -2597751.3 | AC42: =AB42/AC$2 -> -2597751.3
A43: 39 | B43: New Samanta Telecom | C43: Dhaka South | D43: Narshingdi | E43: 3375933.8 | F43: 3412159.7 | G43: =IFERROR(F43/E43,0) -> 1.0107306 | H43: =IF(G43>=89.5%,90%,0%) -> 0.9 | I43: 3541409.4 | J43: 3226998.6 | K43: =IFERROR(J43/I43,0) -> 0.91121875 | L43: =IF(K43>=89.5%,90%,0%) -> 0.9 | M43: 3514647.3 | N43: 1981859.4 | O43: =IFERROR(N43/M43,0) -> 0.56388572 | P43: =IF(O43>=89.5%,90%,0%) -> 0 | Q43: 4164353.1 | R43: 5780353.1 | S43: =IFERROR(R43/Q43,0) -> 1.3880555 | T43: =IF(S43>=89.5%,90%,0%) -> 0.9 | U43: 5675444.3 | V43: =VLOOKUP(B43,'Dealer Wise'!B42:F162,5,0) -> 5302772.1 | W43: =IFERROR(V43/U43,0) -> 0.93433603 | X43: =IF(W43>=89.5%,90%,0%) -> 0.9 | Y43: =E43+I43+M43+Q43+U43 -> 20271788 | Z43: =F43+J43+N43+R43+V43 -> 19704143 | AA43: =IFERROR(Z43/Y43,0) -> 0.97199828 | AB43: =Y43-Z43 -> 567644.93 | AC43: =AB43/AC$2 -> 567644.93
A44: 40 | B44: Samiya Telecom | C44: Dhaka South | D44: Narshingdi | E44: 11233720 | F44: 9706859.9 | G44: =IFERROR(F44/E44,0) -> 0.86408244 | H44: =IF(G44>=89.5%,90%,0%) -> 0 | I44: 12754675 | J44: 5382491.7 | K44: =IFERROR(J44/I44,0) -> 0.42200149 | L44: =IF(K44>=89.5%,90%,0%) -> 0 | M44: 10575100 | N44: 7771258.3 | O44: =IFERROR(N44/M44,0) -> 0.73486385 | P44: =IF(O44>=89.5%,90%,0%) -> 0 | Q44: 8865309.9 | R44: 7144654.7 | S44: =IFERROR(R44/Q44,0) -> 0.80591144 | T44: =IF(S44>=89.5%,90%,0%) -> 0 | U44: 12134240 | V44: =VLOOKUP(B44,'Dealer Wise'!B43:F163,5,0) -> 15919332 | W44: =IFERROR(V44/U44,0) -> 1.3119348 | X44: =IF(W44>=89.5%,90%,0%) -> 0.9 | Y44: =E44+I44+M44+Q44+U44 -> 55563044 | Z44: =F44+J44+N44+R44+V44 -> 45924597 | AA44: =IFERROR(Z44/Y44,0) -> 0.82653133 | AB44: =Y44-Z44 -> 9638447.1 | AC44: =AB44/AC$2 -> 9638447.1
A45: 41 | B45: Samiya Telecom-2 | C45: Dhaka South | D45: Narshingdi | E45: 5739362.1 | F45: 5246066.7 | G45: =IFERROR(F45/E45,0) -> 0.91405048 | H45: =IF(G45>=89.5%,90%,0%) -> 0.9 | I45: 6208696.4 | J45: 4997613 | K45: =IFERROR(J45/I45,0) -> 0.80493757 | L45: =IF(K45>=89.5%,90%,0%) -> 0 | M45: 5383539.4 | N45: 3045246.3 | O45: =IFERROR(N45/M45,0) -> 0.56565876 | P45: =IF(O45>=89.5%,90%,0%) -> 0 | Q45: 4006529.6 | R45: 4871907.1 | S45: =IFERROR(R45/Q45,0) -> 1.2159918 | T45: =IF(S45>=89.5%,90%,0%) -> 0.9 | U45: 5675444.3 | V45: =VLOOKUP(B45,'Dealer Wise'!B44:F164,5,0) -> 7892293.7 | W45: =IFERROR(V45/U45,0) -> 1.3906037 | X45: =IF(W45>=89.5%,90%,0%) -> 0.9 | Y45: =E45+I45+M45+Q45+U45 -> 27013572 | Z45: =F45+J45+N45+R45+V45 -> 26053127 | AA45: =IFERROR(Z45/Y45,0) -> 0.96444583 | AB45: =Y45-Z45 -> 960445.16 | AC45: =AB45/AC$2 -> 960445.16
A46: 42 | B46: Satata Mobile Centre | C46: Sylhet | D46: B.Bari | E46: 7489675.4 | F46: 6482049.5 | G46: =IFERROR(F46/E46,0) -> 0.86546467 | H46: =IF(G46>=89.5%,90%,0%) -> 0 | I46: 8237351.8 | J46: 5744981 | K46: =IFERROR(J46/I46,0) -> 0.69743057 | L46: =IF(K46>=89.5%,90%,0%) -> 0 | M46: 7206614.9 | N46: 3319580.5 | O46: =IFERROR(N46/M46,0) -> 0.46062965 | P46: =IF(O46>=89.5%,90%,0%) -> 0 | Q46: 5612749.2 | R46: 3445348.6 | S46: =IFERROR(R46/Q46,0) -> 0.61384332 | T46: =IF(S46>=89.5%,90%,0%) -> 0 | U46: 6916063.4 | V46: =VLOOKUP(B46,'Dealer Wise'!B45:F165,5,0) -> 10459880 | W46: =IFERROR(V46/U46,0) -> 1.5124037 | X46: =IF(W46>=89.5%,90%,0%) -> 0.9 | Y46: =E46+I46+M46+Q46+U46 -> 35462455 | Z46: =F46+J46+N46+R46+V46 -> 29451840 | AA46: =IFERROR(Z46/Y46,0) -> 0.83050764 | AB46: =Y46-Z46 -> 6010615.1 | AC46: =AB46/AC$2 -> 6010615.1
A47: 43 | B47: M/S. Alam Trade Link | C47: Sylhet | D47: Chandpur | E47: 9260004.3 | F47: 7419726.3 | G47: =IFERROR(F47/E47,0) -> 0.80126597 | H47: =IF(G47>=89.5%,90%,0%) -> 0 | I47: 9854274.6 | J47: 4092492 | K47: =IFERROR(J47/I47,0) -> 0.4153012 | L47: =IF(K47>=89.5%,90%,0%) -> 0 | M47: 9114942.3 | N47: 4621810.6 | O47: =IFERROR(N47/M47,0) -> 0.50705868 | P47: =IF(O47>=89.5%,90%,0%) -> 0 | Q47: 7419740.7 | R47: 9557441.9 | S47: =IFERROR(R47/Q47,0) -> 1.28811 | T47: =IF(S47>=89.5%,90%,0%) -> 0.9 | U47: 8497477.3 | V47: =VLOOKUP(B47,'Dealer Wise'!B46:F166,5,0) -> 11268939 | W47: =IFERROR(V47/U47,0) -> 1.3261512 | X47: =IF(W47>=89.5%,90%,0%) -> 0.9 | Y47: =E47+I47+M47+Q47+U47 -> 44146439 | Z47: =F47+J47+N47+R47+V47 -> 36960410 | AA47: =IFERROR(Z47/Y47,0) -> 0.83722291 | AB47: =Y47-Z47 -> 7186028.9 | AC47: =AB47/AC$2 -> 7186028.9
A48: 44 | B48: M/S. Lotus Telecom | C48: Sylhet | D48: Chandpur | E48: 4747651.3 | F48: 3818130.7 | G48: =IFERROR(F48/E48,0) -> 0.80421463 | H48: =IF(G48>=89.5%,90%,0%) -> 0 | I48: 5293521.9 | J48: 1125386.2 | K48: =IFERROR(J48/I48,0) -> 0.21259687 | L48: =IF(K48>=89.5%,90%,0%) -> 0 | M48: 4506127.6 | N48: 2195061.1 | O48: =IFERROR(N48/M48,0) -> 0.48712804 | P48: =IF(O48>=89.5%,90%,0%) -> 0 | Q48: 4007785.5 | R48: 5851825 | S48: =IFERROR(R48/Q48,0) -> 1.4601143 | T48: =IF(S48>=89.5%,90%,0%) -> 0.9 | U48: 4797836.7 | V48: =VLOOKUP(B48,'Dealer Wise'!B47:F167,5,0) -> 6918009.1 | W48: =IFERROR(V48/U48,0) -> 1.4419017 | X48: =IF(W48>=89.5%,90%,0%) -> 0.9 | Y48: =E48+I48+M48+Q48+U48 -> 23352923 | Z48: =F48+J48+N48+R48+V48 -> 19908412 | AA48: =IFERROR(Z48/Y48,0) -> 0.85250193 | AB48: =Y48-Z48 -> 3444511 | AC48: =AB48/AC$2 -> 3444511
A49: 45 | B49: M/S Sholav Bitan | C49: Chittagong | D49: Chattogram | E49: 19282697 | F49: 19664322 | G49: =IFERROR(F49/E49,0) -> 1.0197911 | H49: =IF(G49>=89.5%,90%,0%) -> 0.9 | I49: 20819460 | J49: 29391575 | K49: =IFERROR(J49/I49,0) -> 1.4117357 | L49: =IF(K49>=89.5%,90%,0%) -> 0.9 | M49: 14909009 | N49: 8294862.7 | O49: =IFERROR(N49/M49,0) -> 0.55636578 | P49: =IF(O49>=89.5%,90%,0%) -> 0 | Q49: 16784327 | R49: 19497875 | S49: =IFERROR(R49/Q49,0) -> 1.1616715 | T49: =IF(S49>=89.5%,90%,0%) -> 0.9 | U49: 25367561 | V49: =VLOOKUP(B49,'Dealer Wise'!B4:F124,5,0) -> 35960256 | W49: =IFERROR(V49/U49,0) -> 1.4175685 | X49: =IF(W49>=89.5%,90%,0%) -> 0.9 | Y49: =E49+I49+M49+Q49+U49 -> 97163055 | Z49: =F49+J49+N49+R49+V49 -> 1.1280889e+08 | AA49: =IFERROR(Z49/Y49,0) -> 1.1610266 | AB49: =Y49-Z49 -> -15645836 | AC49: =AB49/AC$2 -> -15645836
A50: 46 | B50: Sibgat Telecom | C50: Chittagong | D50: Chattogram | E50: 14509483 | F50: 13999031 | G50: =IFERROR(F50/E50,0) -> 0.96481941 | H50: =IF(G50>=89.5%,90%,0%) -> 0.9 | I50: 15501013 | J50: 15950486 | K50: =IFERROR(J50/I50,0) -> 1.0289964 | L50: =IF(K50>=89.5%,90%,0%) -> 0.9 | M50: 14019784 | N50: 5773846.1 | O50: =IFERROR(N50/M50,0) -> 0.4118356 | P50: =IF(O50>=89.5%,90%,0%) -> 0 | Q50: 14203885 | R50: 12933107 | S50: =IFERROR(R50/Q50,0) -> 0.91053308 | T50: =IF(S50>=89.5%,90%,0%) -> 0.9 | U50: 12980975 | V50: =VLOOKUP(B50,'Dealer Wise'!B22:F142,5,0) -> 19308762 | W50: =IFERROR(V50/U50,0) -> 1.4874663 | X50: =IF(W50>=89.5%,90%,0%) -> 0.9 | Y50: =E50+I50+M50+Q50+U50 -> 71215139 | Z50: =F50+J50+N50+R50+V50 -> 67965232 | AA50: =IFERROR(Z50/Y50,0) -> 0.95436494 | AB50: =Y50-Z50 -> 3249906.9 | AC50: =AB50/AC$2 -> 3249906.9
A51: 47 | B51: The National Carrier | C51: Chittagong | D51: Chattogram | E51: 9611385 | F51: 5289008.4 | G51: =IFERROR(F51/E51,0) -> 0.55028576 | H51: =IF(G51>=89.5%,90%,0%) -> 0 | I51: 9808266.9 | J51: 4891587.5 | K51: =IFERROR(J51/I51,0) -> 0.49872088 | L51: =IF(K51>=89.5%,90%,0%) -> 0 | M51: 9220164.7 | N51: 3683078 | O51: =IFERROR(N51/M51,0) -> 0.39945902 | P51: =IF(O51>=89.5%,90%,0%) -> 0 | Q51: 7175261.1 | R51: 873043.17 | S51: =IFERROR(R51/Q51,0) -> 0.12167406 | T51: =IF(S51>=89.5%,90%,0%) -> 0 | U51: 0 | V51: 0 | W51: =IFERROR(V51/U51,0) -> 0 | X51: =IF(W51>=89.5%,90%,0%) -> 0 | Y51: =E51+I51+M51+Q51+U51 -> 35815078 | Z51: =F51+J51+N51+R51+V51 -> 14736717 | AA51: =IFERROR(Z51/Y51,0) -> 0.41146684 | AB51: =Y51-Z51 -> 21078361 | AC51: =AB51/AC$2 -> 21078361
A52: 48 | B52: Fantasy Telecom | C52: Chittagong | D52: Rangamati | E52: 5344484.5 | F52: 2970563.5 | G52: =IFERROR(F52/E52,0) -> 0.55581852 | H52: =IF(G52>=89.5%,90%,0%) -> 0 | I52: 5256501.3 | J52: 2965065.6 | K52: =IFERROR(J52/I52,0) -> 0.56407588 | L52: =IF(K52>=89.5%,90%,0%) -> 0 | M52: 4497781.3 | N52: 2831482.3 | O52: =IFERROR(N52/M52,0) -> 0.62952869 | P52: =IF(O52>=89.5%,90%,0%) -> 0 | Q52: 3575898.2 | R52: 3586383.7 | S52: =IFERROR(R52/Q52,0) -> 1.0029323 | T52: =IF(S52>=89.5%,90%,0%) -> 0.9 | U52: 4967354.9 | V52: =VLOOKUP(B52,'Dealer Wise'!B7:F127,5,0) -> 4487041 | W52: =IFERROR(V52/U52,0) -> 0.90330591 | X52: =IF(W52>=89.5%,90%,0%) -> 0.9 | Y52: =E52+I52+M52+Q52+U52 -> 23642020 | Z52: =F52+J52+N52+R52+V52 -> 16840536 | AA52: =IFERROR(Z52/Y52,0) -> 0.71231375 | AB52: =Y52-Z52 -> 6801484 | AC52: =AB52/AC$2 -> 6801484
A53: 49 | B53: Polly Mobile Distribution | C53: Chittagong | D53: Rangamati | E53: 3987981 | F53: 3660593.8 | G53: =IFERROR(F53/E53,0) -> 0.91790652 | H53: =IF(G53>=89.5%,90%,0%) -> 0.9 | I53: 4197837.4 | J53: 3660816.4 | K53: =IFERROR(J53/I53,0) -> 0.87207198 | L53: =IF(K53>=89.5%,90%,0%) -> 0 | M53: 3800213.1 | N53: 2268895.6 | O53: =IFERROR(N53/M53,0) -> 0.5970443 | P53: =IF(O53>=89.5%,90%,0%) -> 0 | Q53: 3460917 | R53: 2301710.2 | S53: =IFERROR(R53/Q53,0) -> 0.66505788 | T53: =IF(S53>=89.5%,90%,0%) -> 0 | U53: 4291940.6 | V53: =VLOOKUP(B53,'Dealer Wise'!B8:F128,5,0) -> 4723536.5 | W53: =IFERROR(V53/U53,0) -> 1.1005596 | X53: =IF(W53>=89.5%,90%,0%) -> 0.9 | Y53: =E53+I53+M53+Q53+U53 -> 19738889 | Z53: =F53+J53+N53+R53+V53 -> 16615552 | AA53: =IFERROR(Z53/Y53,0) -> 0.84176735 | AB53: =Y53-Z53 -> 3123336.7 | AC53: =AB53/AC$2 -> 3123336.7
A54: 50 | B54: Satkania Store | C54: Chittagong | D54: Rangamati | E54: 7356265.5 | F54: 7469595.4 | G54: =IFERROR(F54/E54,0) -> 1.0154059 | H54: =IF(G54>=89.5%,90%,0%) -> 0.9 | I54: 7405369.5 | J54: 6390323.2 | K54: =IFERROR(J54/I54,0) -> 0.86293104 | L54: =IF(K54>=89.5%,90%,0%) -> 0 | M54: 6801050.7 | N54: 5041386.6 | O54: =IFERROR(N54/M54,0) -> 0.74126585 | P54: =IF(O54>=89.5%,90%,0%) -> 0 | Q54: 7423688.5 | R54: 13097754 | S54: =IFERROR(R54/Q54,0) -> 1.764319 | T54: =IF(S54>=89.5%,90%,0%) -> 0.9 | U54: 8964140.1 | V54: =VLOOKUP(B54,'Dealer Wise'!B9:F129,5,0) -> 10411692 | W54: =IFERROR(V54/U54,0) -> 1.1614825 | X54: =IF(W54>=89.5%,90%,0%) -> 0.9 | Y54: =E54+I54+M54+Q54+U54 -> 37950514 | Z54: =F54+J54+N54+R54+V54 -> 42410751 | AA54: =IFERROR(Z54/Y54,0) -> 1.1175277 | AB54: =Y54-Z54 -> -4460236.9 | AC54: =AB54/AC$2 -> -4460236.9
A55: 51 | B55: Toyabiya Telecom | C55: Chittagong | D55: Rangamati | E55: 5077711 | F55: 4118334.7 | G55: =IFERROR(F55/E55,0) -> 0.81106126 | H55: =IF(G55>=89.5%,90%,0%) -> 0 | I55: 5636594.7 | J55: 3174056.8 | K55: =IFERROR(J55/I55,0) -> 0.56311603 | L55: =IF(K55>=89.5%,90%,0%) -> 0 | M55: 5004253.5 | N55: 3572888.2 | O55: =IFERROR(N55/M55,0) -> 0.71397026 | P55: =IF(O55>=89.5%,90%,0%) -> 0 | Q55: 4781904.9 | R55: 5705656.2 | S55: =IFERROR(R55/Q55,0) -> 1.1931764 | T55: =IF(S55>=89.5%,90%,0%) -> 0.9 | U55: 5160069.9 | V55: =VLOOKUP(B55,'Dealer Wise'!B10:F130,5,0) -> 5741804.7 | W55: =IFERROR(V55/U55,0) -> 1.1127378 | X55: =IF(W55>=89.5%,90%,0%) -> 0.9 | Y55: =E55+I55+M55+Q55+U55 -> 25660534 | Z55: =F55+J55+N55+R55+V55 -> 22312741 | AA55: =IFERROR(Z55/Y55,0) -> 0.86953532 | AB55: =Y55-Z55 -> 3347793.5 | AC55: =AB55/AC$2 -> 3347793.5
A56: 52 | B56: Biponon Communications | C56: Chittagong | D56: Cox's Bazar | E56: 4806555.1 | F56: 3852619.5 | G56: =IFERROR(F56/E56,0) -> 0.80153445 | H56: =IF(G56>=89.5%,90%,0%) -> 0 | I56: 5312456.9 | J56: 4262360.3 | K56: =IFERROR(J56/I56,0) -> 0.80233315 | L56: =IF(K56>=89.5%,90%,0%) -> 0 | M56: 4496974 | N56: 1332021.1 | O56: =IFERROR(N56/M56,0) -> 0.29620388 | P56: =IF(O56>=89.5%,90%,0%) -> 0 | Q56: 3752374.5 | R56: 3629238.9 | S56: =IFERROR(R56/Q56,0) -> 0.96718461 | T56: =IF(S56>=89.5%,90%,0%) -> 0.9 | U56: 4620797.1 | V56: =VLOOKUP(B56,'Dealer Wise'!B11:F131,5,0) -> 3832774.4 | W56: =IFERROR(V56/U56,0) -> 0.82946174 | X56: =IF(W56>=89.5%,90%,0%) -> 0 | Y56: =E56+I56+M56+Q56+U56 -> 22989158 | Z56: =F56+J56+N56+R56+V56 -> 16909014 | AA56: =IFERROR(Z56/Y56,0) -> 0.73552126 | AB56: =Y56-Z56 -> 6080143.4 | AC56: =AB56/AC$2 -> 6080143.4
A57: 53 | B57: Mobile Heaven | C57: Chittagong | D57: Cox's Bazar | E57: 3124089.8 | F57: 2518630.5 | G57: =IFERROR(F57/E57,0) -> 0.80619657 | H57: =IF(G57>=89.5%,90%,0%) -> 0 | I57: 3512839.9 | J57: 2824038.9 | K57: =IFERROR(J57/I57,0) -> 0.80391904 | L57: =IF(K57>=89.5%,90%,0%) -> 0 | M57: 3197896.6 | N57: 1330870.6 | O57: =IFERROR(N57/M57,0) -> 0.41617062 | P57: =IF(O57>=89.5%,90%,0%) -> 0 | Q57: 3340524.9 | R57: 3769854 | S57: =IFERROR(R57/Q57,0) -> 1.1285214 | T57: =IF(S57>=89.5%,90%,0%) -> 0.9 | U57: 3762607.8 | V57: =VLOOKUP(B57,'Dealer Wise'!B12:F132,5,0) -> 2898481.4 | W57: =IFERROR(V57/U57,0) -> 0.77033844 | X57: =IF(W57>=89.5%,90%,0%) -> 0 | Y57: =E57+I57+M57+Q57+U57 -> 16937959 | Z57: =F57+J57+N57+R57+V57 -> 13341875 | AA57: =IFERROR(Z57/Y57,0) -> 0.78769085 | AB57: =Y57-Z57 -> 3596083.6 | AC57: =AB57/AC$2 -> 3596083.6
A58: 54 | B58: Mobile Village | C58: Chittagong | D58: Cox's Bazar | E58: 1721934.8 | F58: 1828311.5 | G58: =IFERROR(F58/E58,0) -> 1.0617774 | H58: =IF(G58>=89.5%,90%,0%) -> 0.9 | I58: 1953766.2 | J58: 2453127.4 | K58: =IFERROR(J58/I58,0) -> 1.255589 | L58: =IF(K58>=89.5%,90%,0%) -> 0.9 | M58: 1909439.5 | N58: 2097879.4 | O58: =IFERROR(N58/M58,0) -> 1.0986886 | P58: =IF(O58>=89.5%,90%,0%) -> 0.9 | Q58: 1600779.8 | R58: 1922377.6 | S58: =IFERROR(R58/Q58,0) -> 1.2009007 | T58: =IF(S58>=89.5%,90%,0%) -> 0.9 | U58: 1982227.1 | V58: =VLOOKUP(B58,'Dealer Wise'!B13:F133,5,0) -> 3127122.8 | W58: =IFERROR(V58/U58,0) -> 1.5775805 | X58: =IF(W58>=89.5%,90%,0%) -> 0.9 | Y58: =E58+I58+M58+Q58+U58 -> 9168147.5 | Z58: =F58+J58+N58+R58+V58 -> 11428819 | AA58: =IFERROR(Z58/Y58,0) -> 1.2465788 | AB58: =Y58-Z58 -> -2260671.3 | AC58: =AB58/AC$2 -> -2260671.3
A59: 55 | B59: Mobile Zone,Patia | C59: Chittagong | D59: Chattogram | E59: 3466322.8 | F59: 2788205.2 | G59: =IFERROR(F59/E59,0) -> 0.80436977 | H59: =IF(G59>=89.5%,90%,0%) -> 0 | I59: 3656949.4 | J59: 3172784.2 | K59: =IFERROR(J59/I59,0) -> 0.8676041 | L59: =IF(K59>=89.5%,90%,0%) -> 0 | M59: 3498767.3 | N59: 1453425.5 | O59: =IFERROR(N59/M59,0) -> 0.41541074 | P59: =IF(O59>=89.5%,90%,0%) -> 0 | Q59: 3216380 | R59: 2732315.4 | S59: =IFERROR(R59/Q59,0) -> 0.84950018 | T59: =IF(S59>=89.5%,90%,0%) -> 0 | U59: 3633430.8 | V59: =VLOOKUP(B59,'Dealer Wise'!B14:F134,5,0) -> 4589265.1 | W59: =IFERROR(V59/U59,0) -> 1.2630666 | X59: =IF(W59>=89.5%,90%,0%) -> 0.9 | Y59: =E59+I59+M59+Q59+U59 -> 17471850 | Z59: =F59+J59+N59+R59+V59 -> 14735996 | AA59: =IFERROR(Z59/Y59,0) -> 0.84341356 | AB59: =Y59-Z59 -> 2735854.7 | AC59: =AB59/AC$2 -> 2735854.7
A60: 56 | B60: Prime Mobile Center | C60: Chittagong | D60: Cox's Bazar | E60: 4030988.9 | F60: 3229029.6 | G60: =IFERROR(F60/E60,0) -> 0.80105147 | H60: =IF(G60>=89.5%,90%,0%) -> 0 | I60: 4804646.4 | J60: 2331531.2 | K60: =IFERROR(J60/I60,0) -> 0.48526594 | L60: =IF(K60>=89.5%,90%,0%) -> 0 | M60: 3816296.9 | N60: 1303104.9 | O60: =IFERROR(N60/M60,0) -> 0.34145795 | P60: =IF(O60>=89.5%,90%,0%) -> 0 | Q60: 3213800.6 | R60: 3876470.3 | S60: =IFERROR(R60/Q60,0) -> 1.206195 | T60: =IF(S60>=89.5%,90%,0%) -> 0.9 | U60: 3893913.4 | V60: =VLOOKUP(B60,'Dealer Wise'!B15:F135,5,0) -> 4719938.9 | W60: =IFERROR(V60/U60,0) -> 1.2121325 | X60: =IF(W60>=89.5%,90%,0%) -> 0.9 | Y60: =E60+I60+M60+Q60+U60 -> 19759646 | Z60: =F60+J60+N60+R60+V60 -> 15460075 | AA60: =IFERROR(Z60/Y60,0) -> 0.78240647 | AB60: =Y60-Z60 -> 4299571.2 | AC60: =AB60/AC$2 -> 4299571.2
A61: 57 | B61: Shifa Enterprise | C61: Chittagong | D61: Cox's Bazar | E61: 9500656.8 | F61: 7611444.9 | G61: =IFERROR(F61/E61,0) -> 0.80114934 | H61: =IF(G61>=89.5%,90%,0%) -> 0 | I61: 7500816.1 | J61: 8070263.3 | K61: =IFERROR(J61/I61,0) -> 1.075918 | L61: =IF(K61>=89.5%,90%,0%) -> 0.9 | M61: 7178259.9 | N61: 4437844.7 | O61: =IFERROR(N61/M61,0) -> 0.61823405 | P61: =IF(O61>=89.5%,90%,0%) -> 0 | Q61: 7112462 | R61: 9128349.6 | S61: =IFERROR(R61/Q61,0) -> 1.2834304 | T61: =IF(S61>=89.5%,90%,0%) -> 0.9 | U61: 8020077.8 | V61: =VLOOKUP(B61,'Dealer Wise'!B16:F136,5,0) -> 8956111.3 | W61: =IFERROR(V61/U61,0) -> 1.1167113 | X61: =IF(W61>=89.5%,90%,0%) -> 0.9 | Y61: =E61+I61+M61+Q61+U61 -> 39312273 | Z61: =F61+J61+N61+R61+V61 -> 38204014 | AA61: =IFERROR(Z61/Y61,0) -> 0.97180884 | AB61: =Y61-Z61 -> 1108258.8 | AC61: =AB61/AC$2 -> 1108258.8
A62: 58 | B62: Salim Telecom & Electronics | C62: Sylhet | D62: Noakhali | E62: 10569254 | F62: 8477035.2 | G62: =IFERROR(F62/E62,0) -> 0.80204667 | H62: =IF(G62>=89.5%,90%,0%) -> 0 | I62: 10278159 | J62: 5171217.2 | K62: =IFERROR(J62/I62,0) -> 0.5031268 | L62: =IF(K62>=89.5%,90%,0%) -> 0 | M62: 8810214.6 | N62: 4433662.7 | O62: =IFERROR(N62/M62,0) -> 0.50324117 | P62: =IF(O62>=89.5%,90%,0%) -> 0 | Q62: 8840592.1 | R62: 8948505.3 | S62: =IFERROR(R62/Q62,0) -> 1.0122066 | T62: =IF(S62>=89.5%,90%,0%) -> 0.9 | U62: 8842407.7 | V62: =VLOOKUP(B62,'Dealer Wise'!B61:F181,5,0) -> 12055304 | W62: =IFERROR(V62/U62,0) -> 1.3633508 | X62: =IF(W62>=89.5%,90%,0%) -> 0.9 | Y62: =E62+I62+M62+Q62+U62 -> 47340627 | Z62: =F62+J62+N62+R62+V62 -> 39085724 | AA62: =IFERROR(Z62/Y62,0) -> 0.82562751 | AB62: =Y62-Z62 -> 8254903.1 | AC62: =AB62/AC$2 -> 8254903.1
A63: 59 | B63: Mobile Shop | C63: Sylhet | D63: Noakhali | E63: 10216375 | F63: 8181506 | G63: =IFERROR(F63/E63,0) -> 0.80082278 | H63: =IF(G63>=89.5%,90%,0%) -> 0 | I63: 10994421 | J63: 10999730 | K63: =IFERROR(J63/I63,0) -> 1.0004829 | L63: =IF(K63>=89.5%,90%,0%) -> 0.9 | M63: 9315114.7 | N63: 3678319.1 | O63: =IFERROR(N63/M63,0) -> 0.39487641 | P63: =IF(O63>=89.5%,90%,0%) -> 0 | Q63: 8911727.9 | R63: 2699819.8 | S63: =IFERROR(R63/Q63,0) -> 0.30295133 | T63: =IF(S63>=89.5%,90%,0%) -> 0 | U63: 10528318 | V63: =VLOOKUP(B63,'Dealer Wise'!B62:F182,5,0) -> 12519044 | W63: =IFERROR(V63/U63,0) -> 1.189083 | X63: =IF(W63>=89.5%,90%,0%) -> 0.9 | Y63: =E63+I63+M63+Q63+U63 -> 49965957 | Z63: =F63+J63+N63+R63+V63 -> 38078419 | AA63: =IFERROR(Z63/Y63,0) -> 0.76208725 | AB63: =Y63-Z63 -> 11887538 | AC63: =AB63/AC$2 -> 11887538
A64: 60 | B64: Dhaka Telecom | C64: Sylhet | D64: Noakhali | E64: 7480443.2 | F64: 6009764.4 | G64: =IFERROR(F64/E64,0) -> 0.80339683 | H64: =IF(G64>=89.5%,90%,0%) -> 0 | I64: 8403601.9 | J64: 4064551.7 | K64: =IFERROR(J64/I64,0) -> 0.48366781 | L64: =IF(K64>=89.5%,90%,0%) -> 0 | M64: 6509911.9 | N64: 3465340.7 | O64: =IFERROR(N64/M64,0) -> 0.5323176 | P64: =IF(O64>=89.5%,90%,0%) -> 0 | Q64: 4460684.9 | R64: 4095422.6 | S64: =IFERROR(R64/Q64,0) -> 0.9181152 | T64: =IF(S64>=89.5%,90%,0%) -> 0.9 | U64: 7381535.7 | V64: =VLOOKUP(B64,'Dealer Wise'!B63:F183,5,0) -> 9351943.1 | W64: =IFERROR(V64/U64,0) -> 1.2669373 | X64: =IF(W64>=89.5%,90%,0%) -> 0.9 | Y64: =E64+I64+M64+Q64+U64 -> 34236178 | Z64: =F64+J64+N64+R64+V64 -> 26987022 | AA64: =IFERROR(Z64/Y64,0) -> 0.78826038 | AB64: =Y64-Z64 -> 7249155.2 | AC64: =AB64/AC$2 -> 7249155.2
A65: 61 | B65: Himel Mobile Center | C65: Sylhet | D65: Noakhali | E65: 3082520.2 | F65: 2492987.7 | G65: =IFERROR(F65/E65,0) -> 0.80874983 | H65: =IF(G65>=89.5%,90%,0%) -> 0 | I65: 3435073.1 | J65: 951165.69 | K65: =IFERROR(J65/I65,0) -> 0.27689824 | L65: =IF(K65>=89.5%,90%,0%) -> 0 | M65: 2890690.1 | N65: 1539062.4 | O65: =IFERROR(N65/M65,0) -> 0.53242042 | P65: =IF(O65>=89.5%,90%,0%) -> 0 | Q65: 2182594.3 | R65: 2393703.2 | S65: =IFERROR(R65/Q65,0) -> 1.0967238 | T65: =IF(S65>=89.5%,90%,0%) -> 0.9 | U65: 3097629.7 | V65: =VLOOKUP(B65,'Dealer Wise'!B64:F184,5,0) -> 3839155.8 | W65: =IFERROR(V65/U65,0) -> 1.239385 | X65: =IF(W65>=89.5%,90%,0%) -> 0.9 | Y65: =E65+I65+M65+Q65+U65 -> 14688507 | Z65: =F65+J65+N65+R65+V65 -> 11216075 | AA65: =IFERROR(Z65/Y65,0) -> 0.76359527 | AB65: =Y65-Z65 -> 3472432.6 | AC65: =AB65/AC$2 -> 3472432.6
A66: 62 | B66: R.K Mobile Center | C66: Sylhet | D66: Noakhali | E66: 0 | F66: 0 | G66: =IFERROR(F66/E66,0) -> 0 | H66: =IF(G66>=89.5%,90%,0%) -> 0 | I66: 10231702 | J66: 10243129 | K66: =IFERROR(J66/I66,0) -> 1.0011168 | L66: =IF(K66>=89.5%,90%,0%) -> 0.9 | M66: 9314506.6 | N66: 3770897.5 | O66: =IFERROR(N66/M66,0) -> 0.40484136 | P66: =IF(O66>=89.5%,90%,0%) -> 0 | Q66: 7334723.9 | R66: 9326930.3 | S66: =IFERROR(R66/Q66,0) -> 1.271613 | T66: =IF(S66>=89.5%,90%,0%) -> 0.9 | U66: 9511434.5 | V66: =VLOOKUP(B66,'Dealer Wise'!B65:F185,5,0) -> 16605875 | W66: =IFERROR(V66/U66,0) -> 1.7458854 | X66: =IF(W66>=89.5%,90%,0%) -> 0.9 | Y66: =E66+I66+M66+Q66+U66 -> 36392367 | Z66: =F66+J66+N66+R66+V66 -> 39946832 | AA66: =IFERROR(Z66/Y66,0) -> 1.0976706 | AB66: =Y66-Z66 -> -3554464.6 | AC66: =AB66/AC$2 -> -3554464.6
A67: 63 | B67: M Enterprise | C67: Sylhet | D67: Cumilla | E67: 5533360.3 | F67: 5588680.1 | G67: =IFERROR(F67/E67,0) -> 1.0099975 | H67: =IF(G67>=89.5%,90%,0%) -> 0.9 | I67: 6066997.4 | J67: 5247657.6 | K67: =IFERROR(J67/I67,0) -> 0.86495136 | L67: =IF(K67>=89.5%,90%,0%) -> 0 | M67: 5489037.5 | N67: 4399368.9 | O67: =IFERROR(N67/M67,0) -> 0.80148276 | P67: =IF(O67>=89.5%,90%,0%) -> 0 | Q67: 6180744.1 | R67: 6560085.3 | S67: =IFERROR(R67/Q67,0) -> 1.0613747 | T67: =IF(S67>=89.5%,90%,0%) -> 0.9 | U67: 6338805.8 | V67: =VLOOKUP(B67,'Dealer Wise'!B66:F186,5,0) -> 8553492.4 | W67: =IFERROR(V67/U67,0) -> 1.3493855 | X67: =IF(W67>=89.5%,90%,0%) -> 0.9 | Y67: =E67+I67+M67+Q67+U67 -> 29608945 | Z67: =F67+J67+N67+R67+V67 -> 30349284 | AA67: =IFERROR(Z67/Y67,0) -> 1.0250039 | AB67: =Y67-Z67 -> -740339.23 | AC67: =AB67/AC$2 -> -740339.23
A68: 64 | B68: M/S. Murad Enterprise | C68: Sylhet | D68: B.Bari | E68: 4000247.9 | F68: 3302039.5 | G68: =IFERROR(F68/E68,0) -> 0.82545871 | H68: =IF(G68>=89.5%,90%,0%) -> 0 | I68: 4176367.5 | J68: 3371066.7 | K68: =IFERROR(J68/I68,0) -> 0.80717674 | L68: =IF(K68>=89.5%,90%,0%) -> 0 | M68: 3316961.1 | N68: 1082267 | O68: =IFERROR(N68/M68,0) -> 0.32628269 | P68: =IF(O68>=89.5%,90%,0%) -> 0 | Q68: 2769322.1 | R68: 3262270.1 | S68: =IFERROR(R68/Q68,0) -> 1.1780031 | T68: =IF(S68>=89.5%,90%,0%) -> 0.9 | U68: 3958334.9 | V68: =VLOOKUP(B68,'Dealer Wise'!B67:F187,5,0) -> 5093097.9 | W68: =IFERROR(V68/U68,0) -> 1.2866768 | X68: =IF(W68>=89.5%,90%,0%) -> 0.9 | Y68: =E68+I68+M68+Q68+U68 -> 18221234 | Z68: =F68+J68+N68+R68+V68 -> 16110741 | AA68: =IFERROR(Z68/Y68,0) -> 0.88417401 | AB68: =Y68-Z68 -> 2110492.4 | AC68: =AB68/AC$2 -> 2110492.4
A69: 65 | B69: Nashua Associate | C69: Sylhet | D69: Cumilla | E69: 12450788 | F69: 11001955 | G69: =IFERROR(F69/E69,0) -> 0.8836352 | H69: =IF(G69>=89.5%,90%,0%) -> 0 | I69: 13556080 | J69: 10889566 | K69: =IFERROR(J69/I69,0) -> 0.80329759 | L69: =IF(K69>=89.5%,90%,0%) -> 0 | M69: 12014734 | N69: 5275102.5 | O69: =IFERROR(N69/M69,0) -> 0.43905278 | P69: =IF(O69>=89.5%,90%,0%) -> 0 | Q69: 10738144 | R69: 8797404.4 | S69: =IFERROR(R69/Q69,0) -> 0.81926679 | T69: =IF(S69>=89.5%,90%,0%) -> 0 | U69: 13205733 | V69: =VLOOKUP(B69,'Dealer Wise'!B68:F188,5,0) -> 16583791 | W69: =IFERROR(V69/U69,0) -> 1.2558024 | X69: =IF(W69>=89.5%,90%,0%) -> 0.9 | Y69: =E69+I69+M69+Q69+U69 -> 61965479 | Z69: =F69+J69+N69+R69+V69 -> 52547819 | AA69: =IFERROR(Z69/Y69,0) -> 0.84801763 | AB69: =Y69-Z69 -> 9417660.5 | AC69: =AB69/AC$2 -> 9417660.5
A70: 66 | B70: Sarker Telecom | C70: Sylhet | D70: B.Bari | E70: 9356189.1 | F70: 3583248.2 | G70: =IFERROR(F70/E70,0) -> 0.38298159 | H70: =IF(G70>=89.5%,90%,0%) -> 0 | I70: 9088221.7 | J70: 7365942.4 | K70: =IFERROR(J70/I70,0) -> 0.81049325 | L70: =IF(K70>=89.5%,90%,0%) -> 0 | M70: 7516215.4 | N70: 2298281 | O70: =IFERROR(N70/M70,0) -> 0.30577637 | P70: =IF(O70>=89.5%,90%,0%) -> 0 | Q70: 6468355.9 | R70: 7589697.2 | S70: =IFERROR(R70/Q70,0) -> 1.173358 | T70: =IF(S70>=89.5%,90%,0%) -> 0.9 | U70: 7689568.6 | V70: =VLOOKUP(B70,'Dealer Wise'!B69:F189,5,0) -> 9332016.1 | W70: =IFERROR(V70/U70,0) -> 1.2135942 | X70: =IF(W70>=89.5%,90%,0%) -> 0.9 | Y70: =E70+I70+M70+Q70+U70 -> 40118551 | Z70: =F70+J70+N70+R70+V70 -> 30169185 | AA70: =IFERROR(Z70/Y70,0) -> 0.75200087 | AB70: =Y70-Z70 -> 9949365.7 | AC70: =AB70/AC$2 -> 9949365.7
A71: 67 | B71: New Era Telecom | C71: Sylhet | D71: Sylhet | E71: 7292173.6 | F71: 5878021 | G71: =IFERROR(F71/E71,0) -> 0.80607256 | H71: =IF(G71>=89.5%,90%,0%) -> 0 | I71: 7975294.2 | J71: 5371843.8 | K71: =IFERROR(J71/I71,0) -> 0.67356058 | L71: =IF(K71>=89.5%,90%,0%) -> 0 | M71: 6508166.1 | N71: 3406681.8 | O71: =IFERROR(N71/M71,0) -> 0.52344727 | P71: =IF(O71>=89.5%,90%,0%) -> 0 | Q71: 6095446 | R71: 2883954.4 | S71: =IFERROR(R71/Q71,0) -> 0.47313262 | T71: =IF(S71>=89.5%,90%,0%) -> 0 | U71: 7507684.6 | V71: =VLOOKUP(B71,'Dealer Wise'!B70:F190,5,0) -> 8513565.8 | W71: =IFERROR(V71/U71,0) -> 1.1339802 | X71: =IF(W71>=89.5%,90%,0%) -> 0.9 | Y71: =E71+I71+M71+Q71+U71 -> 35378764 | Z71: =F71+J71+N71+R71+V71 -> 26054067 | AA71: =IFERROR(Z71/Y71,0) -> 0.73643235 | AB71: =Y71-Z71 -> 9324697.7 | AC71: =AB71/AC$2 -> 9324697.7
A72: 68 | B72: Zeshan Telecom | C72: Sylhet | D72: Sylhet | E72: 9070535.4 | F72: 8309830.2 | G72: =IFERROR(F72/E72,0) -> 0.91613448 | H72: =IF(G72>=89.5%,90%,0%) -> 0.9 | I72: 8219952.7 | J72: 8294755.8 | K72: =IFERROR(J72/I72,0) -> 1.0091002 | L72: =IF(K72>=89.5%,90%,0%) -> 0.9 | M72: 6638824.3 | N72: 2705183.6 | O72: =IFERROR(N72/M72,0) -> 0.40747932 | P72: =IF(O72>=89.5%,90%,0%) -> 0 | Q72: 6902841.9 | R72: 6941724.6 | S72: =IFERROR(R72/Q72,0) -> 1.0056329 | T72: =IF(S72>=89.5%,90%,0%) -> 0.9 | U72: 8497477.3 | V72: =VLOOKUP(B72,'Dealer Wise'!B71:F191,5,0) -> 11673015 | W72: =IFERROR(V72/U72,0) -> 1.3737036 | X72: =IF(W72>=89.5%,90%,0%) -> 0.9 | Y72: =E72+I72+M72+Q72+U72 -> 39329632 | Z72: =F72+J72+N72+R72+V72 -> 37924509 | AA72: =IFERROR(Z72/Y72,0) -> 0.96427319 | AB72: =Y72-Z72 -> 1405122.5 | AC72: =AB72/AC$2 -> 1405122.5
A73: 69 | B73: Gopa Telecom | C73: Sylhet | D73: Sylhet | E73: 9547515.1 | F73: 8723874.6 | G73: =IFERROR(F73/E73,0) -> 0.91373247 | H73: =IF(G73>=89.5%,90%,0%) -> 0.9 | I73: 9476878.7 | J73: 7604735.5 | K73: =IFERROR(J73/I73,0) -> 0.80245149 | L73: =IF(K73>=89.5%,90%,0%) -> 0 | M73: 7003114.1 | N73: 3906696.7 | O73: =IFERROR(N73/M73,0) -> 0.55785135 | P73: =IF(O73>=89.5%,90%,0%) -> 0 | Q73: 6601351.7 | R73: 11970580 | S73: =IFERROR(R73/Q73,0) -> 1.8133528 | T73: =IF(S73>=89.5%,90%,0%) -> 0.9 | U73: 11311714 | V73: =VLOOKUP(B73,'Dealer Wise'!B72:F192,5,0) -> 14322381 | W73: =IFERROR(V73/U73,0) -> 1.2661548 | X73: =IF(W73>=89.5%,90%,0%) -> 0.9 | Y73: =E73+I73+M73+Q73+U73 -> 43940573 | Z73: =F73+J73+N73+R73+V73 -> 46528267 | AA73: =IFERROR(Z73/Y73,0) -> 1.0588908 | AB73: =Y73-Z73 -> -2587693.7 | AC73: =AB73/AC$2 -> -2587693.7
... A84: 80 | B84: Tulip-2 | C84: Rajshahi | D84: Rajshahi | E84: 4694125 | F84: 3836154.1 | G84: =IFERROR(F84/E84,0) -> 0.81722451 | H84: =IF(G84>=89.5%,90%,0%) -> 0 | I84: 4977954.4 | J84: 1713074 | K84: =IFERROR(J84/I84,0) -> 0.34413212 | L84: =IF(K84>=89.5%,90%,0%) -> 0 | M84: 2238755.8 | N84: 2322015.1 | O84: =IFERROR(N84/M84,0) -> 1.03719 | P84: =IF(O84>=89.5%,90%,0%) -> 0.9 | Q84: 2468755.7 | R84: 3488793.2 | S84: =IFERROR(R84/Q84,0) -> 1.4131788 | T84: =IF(S84>=89.5%,90%,0%) -> 0.9 | U84: 3343220.3 | V84: =VLOOKUP(B84,'Dealer Wise'!B83:F203,5,0) -> 5940975.9 | W84: =IFERROR(V84/U84,0) -> 1.777022 | X84: =IF(W84>=89.5%,90%,0%) -> 0.9 | Y84: =E84+I84+M84+Q84+U84 -> 17722811 | Z84: =F84+J84+N84+R84+V84 -> 17301012 | AA84: =IFERROR(Z84/Y84,0) -> 0.97620022 | AB84: =Y84-Z84 -> 421798.93 | AC84: =AB84/AC$2 -> 421798.93
A85: 81 | B85: Haque Enterprise | C85: Rajshahi | D85: Naogaon | E85: 5750959.8 | F85: 5798234.9 | G85: =IFERROR(F85/E85,0) -> 1.0082204 | H85: =IF(G85>=89.5%,90%,0%) -> 0.9 | I85: 5532686 | J85: 6087427.7 | K85: =IFERROR(J85/I85,0) -> 1.1002662 | L85: =IF(K85>=89.5%,90%,0%) -> 0.9 | M85: 6812456.4 | N85: 2885701 | O85: =IFERROR(N85/M85,0) -> 0.42359185 | P85: =IF(O85>=89.5%,90%,0%) -> 0 | Q85: 5803324.9 | R85: 5581731.5 | S85: =IFERROR(R85/Q85,0) -> 0.96181613 | T85: =IF(S85>=89.5%,90%,0%) -> 0.9 | U85: 5756193.3 | V85: =VLOOKUP(B85,'Dealer Wise'!B57:F177,5,0) -> 8490164 | W85: =IFERROR(V85/U85,0) -> 1.4749616 | X85: =IF(W85>=89.5%,90%,0%) -> 0.9 | Y85: =E85+I85+M85+Q85+U85 -> 29655620 | Z85: =F85+J85+N85+R85+V85 -> 28843259 | AA85: =IFERROR(Z85/Y85,0) -> 0.97260683 | AB85: =Y85-Z85 -> 812361.31 | AC85: =AB85/AC$2 -> 812361.31
A86: 82 | B86: Hello Rajshahi | C86: Rajshahi | D86: Rajshahi | E86: 6983287.4 | F86: 4571340.5 | G86: =IFERROR(F86/E86,0) -> 0.65461153 | H86: =IF(G86>=89.5%,90%,0%) -> 0 | I86: 7908636.3 | J86: 7209763.5 | K86: =IFERROR(J86/I86,0) -> 0.9116317 | L86: =IF(K86>=89.5%,90%,0%) -> 0.9 | M86: 8961872.6 | N86: 3759567.3 | O86: =IFERROR(N86/M86,0) -> 0.41950689 | P86: =IF(O86>=89.5%,90%,0%) -> 0 | Q86: 8009184.6 | R86: 11149940 | S86: =IFERROR(R86/Q86,0) -> 1.3921442 | T86: =IF(S86>=89.5%,90%,0%) -> 0.9 | U86: 8575549.3 | V86: =VLOOKUP(B86,'Dealer Wise'!B58:F178,5,0) -> 11146553 | W86: =IFERROR(V86/U86,0) -> 1.2998063 | X86: =IF(W86>=89.5%,90%,0%) -> 0.9 | Y86: =E86+I86+M86+Q86+U86 -> 40438530 | Z86: =F86+J86+N86+R86+V86 -> 37837164 | AA86: =IFERROR(Z86/Y86,0) -> 0.93567111 | AB86: =Y86-Z86 -> 2601365.9 | AC86: =AB86/AC$2 -> 2601365.9
A87: 83 | B87: Mugdho Corporation | C87: Rajshahi | D87: Rajshahi | E87: 10185624 | F87: 9410249.8 | G87: =IFERROR(F87/E87,0) -> 0.92387562 | H87: =IF(G87>=89.5%,90%,0%) -> 0.9 | I87: 10399709 | J87: 9568926.6 | K87: =IFERROR(J87/I87,0) -> 0.92011488 | L87: =IF(K87>=89.5%,90%,0%) -> 0.9 | M87: 8958945.6 | N87: 3897025.2 | O87: =IFERROR(N87/M87,0) -> 0.43498704 | P87: =IF(O87>=89.5%,90%,0%) -> 0 | Q87: 8461884 | R87: 11678404 | S87: =IFERROR(R87/Q87,0) -> 1.3801187 | T87: =IF(S87>=89.5%,90%,0%) -> 0.9 | U87: 9955017.6 | V87: =VLOOKUP(B87,'Dealer Wise'!B59:F179,5,0) -> 14151731 | W87: =IFERROR(V87/U87,0) -> 1.4215677 | X87: =IF(W87>=89.5%,90%,0%) -> 0.9 | Y87: =E87+I87+M87+Q87+U87 -> 47961180 | Z87: =F87+J87+N87+R87+V87 -> 48706337 | AA87: =IFERROR(Z87/Y87,0) -> 1.0155367 | AB87: =Y87-Z87 -> -745156.97 | AC87: =AB87/AC$2 -> -745156.97
A88: 84 | B88: Prithibi Corporation | C88: Rajshahi | D88: Rajshahi | E88: 2543268.1 | F88: 2324480.1 | G88: =IFERROR(F88/E88,0) -> 0.91397369 | H88: =IF(G88>=89.5%,90%,0%) -> 0.9 | I88: 2465946.8 | J88: 2257333 | K88: =IFERROR(J88/I88,0) -> 0.91540214 | L88: =IF(K88>=89.5%,90%,0%) -> 0.9 | M88: 2212441.8 | N88: 1215468.2 | O88: =IFERROR(N88/M88,0) -> 0.54937861 | P88: =IF(O88>=89.5%,90%,0%) -> 0 | Q88: 2192916.1 | R88: 2688232.5 | S88: =IFERROR(R88/Q88,0) -> 1.2258711 | T88: =IF(S88>=89.5%,90%,0%) -> 0.9 | U88: 2855571.3 | V88: =VLOOKUP(B88,'Dealer Wise'!B60:F180,5,0) -> 3209744 | W88: =IFERROR(V88/U88,0) -> 1.1240287 | X88: =IF(W88>=89.5%,90%,0%) -> 0.9 | Y88: =E88+I88+M88+Q88+U88 -> 12270144 | Z88: =F88+J88+N88+R88+V88 -> 11695258 | AA88: =IFERROR(Z88/Y88,0) -> 0.95314756 | AB88: =Y88-Z88 -> 574886.22 | AC88: =AB88/AC$2 -> 574886.22
A89: 85 | B89: M/S. Nodi Nishat Enterprise | C89: Rangpur | D89: Dinajpur | E89: 6600830.4 | F89: 7528246.3 | G89: =IFERROR(F89/E89,0) -> 1.1404999 | H89: =IF(G89>=89.5%,90%,0%) -> 0.9 | I89: 7071733.5 | J89: 6430284 | K89: =IFERROR(J89/I89,0) -> 0.90929388 | L89: =IF(K89>=89.5%,90%,0%) -> 0.9 | M89: 6685540.7 | N89: 3300350.2 | O89: =IFERROR(N89/M89,0) -> 0.49365494 | P89: =IF(O89>=89.5%,90%,0%) -> 0 | Q89: 6627918.7 | R89: 7796349.4 | S89: =IFERROR(R89/Q89,0) -> 1.1762892 | T89: =IF(S89>=89.5%,90%,0%) -> 0.9 | U89: 7298329.5 | V89: =VLOOKUP(B89,'Dealer Wise'!B88:F208,5,0) -> 11127925 | W89: =IFERROR(V89/U89,0) -> 1.5247222 | X89: =IF(W89>=89.5%,90%,0%) -> 0.9 | Y89: =E89+I89+M89+Q89+U89 -> 34284353 | Z89: =F89+J89+N89+R89+V89 -> 36183155 | AA89: =IFERROR(Z89/Y89,0) -> 1.0553839 | AB89: =Y89-Z89 -> -1898802.2 | AC89: =AB89/AC$2 -> -1898802.2
A90: 86 | B90: M/S. Sky Tel | C90: Rangpur | D90: Dinajpur | E90: 12611327 | F90: 14739572 | G90: =IFERROR(F90/E90,0) -> 1.1687567 | H90: =IF(G90>=89.5%,90%,0%) -> 0.9 | I90: 11921285 | J90: 10854118 | K90: =IFERROR(J90/I90,0) -> 0.91048221 | L90: =IF(K90>=89.5%,90%,0%) -> 0.9 | M90: 11983742 | N90: 6454215.7 | O90: =IFERROR(N90/M90,0) -> 0.53858101 | P90: =IF(O90>=89.5%,90%,0%) -> 0 | Q90: 10985576 | R90: 12253120 | S90: =IFERROR(R90/Q90,0) -> 1.1153826 | T90: =IF(S90>=89.5%,90%,0%) -> 0.9 | U90: 12513001 | V90: =VLOOKUP(B90,'Dealer Wise'!B89:F209,5,0) -> 25357559 | W90: =IFERROR(V90/U90,0) -> 2.026497 | X90: =IF(W90>=89.5%,90%,0%) -> 0.9 | Y90: =E90+I90+M90+Q90+U90 -> 60014930 | Z90: =F90+J90+N90+R90+V90 -> 69658585 | AA90: =IFERROR(Z90/Y90,0) -> 1.1606876 | AB90: =Y90-Z90 -> -9643654.6 | AC90: =AB90/AC$2 -> -9643654.6
A91: 87 | B91: Pacific Electronics | C91: Rangpur | D91: Gaibandha | E91: 6779861.1 | F91: 7182660.9 | G91: =IFERROR(F91/E91,0) -> 1.0594112 | H91: =IF(G91>=89.5%,90%,0%) -> 0.9 | I91: 9030809.8 | J91: 7236792.3 | K91: =IFERROR(J91/I91,0) -> 0.80134478 | L91: =IF(K91>=89.5%,90%,0%) -> 0 | M91: 7210538.1 | N91: 4699635 | O91: =IFERROR(N91/M91,0) -> 0.65177314 | P91: =IF(O91>=89.5%,90%,0%) -> 0 | Q91: 9551512.2 | R91: 10097929 | S91: =IFERROR(R91/Q91,0) -> 1.0572074 | T91: =IF(S91>=89.5%,90%,0%) -> 0.9 | U91: 9009432.4 | V91: =VLOOKUP(B91,'Dealer Wise'!B90:F210,5,0) -> 11184281 | W91: =IFERROR(V91/U91,0) -> 1.2413969 | X91: =IF(W91>=89.5%,90%,0%) -> 0.9 | Y91: =E91+I91+M91+Q91+U91 -> 41582153 | Z91: =F91+J91+N91+R91+V91 -> 40401298 | AA91: =IFERROR(Z91/Y91,0) -> 0.97160187 | AB91: =Y91-Z91 -> 1180855.2 | AC91: =AB91/AC$2 -> 1180855.2
A92: 88 | B92: Pacific Electronics – 2 | C92: Rangpur | D92: Gaibandha | E92: 5900595.9 | F92: 6188663.9 | G92: =IFERROR(F92/E92,0) -> 1.0488202 | H92: =IF(G92>=89.5%,90%,0%) -> 0.9 | I92: 7499992.3 | J92: 6039616.2 | K92: =IFERROR(J92/I92,0) -> 0.80528299 | L92: =IF(K92>=89.5%,90%,0%) -> 0 | M92: 6244301.8 | N92: 4025862.8 | O92: =IFERROR(N92/M92,0) -> 0.64472585 | P92: =IF(O92>=89.5%,90%,0%) -> 0 | Q92: 6898554.4 | R92: 6973312 | S92: =IFERROR(R92/Q92,0) -> 1.0108367 | T92: =IF(S92>=89.5%,90%,0%) -> 0.9 | U92: 7630509 | V92: =VLOOKUP(B92,'Dealer Wise'!B91:F211,5,0) -> 9028737.6 | W92: =IFERROR(V92/U92,0) -> 1.1832419 | X92: =IF(W92>=89.5%,90%,0%) -> 0.9 | Y92: =E92+I92+M92+Q92+U92 -> 34173953 | Z92: =F92+J92+N92+R92+V92 -> 32256193 | AA92: =IFERROR(Z92/Y92,0) -> 0.94388239 | AB92: =Y92-Z92 -> 1917760.7 | AC92: =AB92/AC$2 -> 1917760.7
A93: 89 | B93: Tarek & Brothers | C93: Rangpur | D93: Dinajpur | E93: 14323371 | F93: 13394266 | G93: =IFERROR(F93/E93,0) -> 0.93513361 | H93: =IF(G93>=89.5%,90%,0%) -> 0.9 | I93: 14684330 | J93: 14693579 | K93: =IFERROR(J93/I93,0) -> 1.0006299 | L93: =IF(K93>=89.5%,90%,0%) -> 0.9 | M93: 14018133 | N93: 6840333.7 | O93: =IFERROR(N93/M93,0) -> 0.48796326 | P93: =IF(O93>=89.5%,90%,0%) -> 0 | Q93: 19911961 | R93: 23632300 | S93: =IFERROR(R93/Q93,0) -> 1.1868394 | T93: =IF(S93>=89.5%,90%,0%) -> 0.9 | U93: 18375530 | V93: =VLOOKUP(B93,'Dealer Wise'!B92:F212,5,0) -> 27468906 | W93: =IFERROR(V93/U93,0) -> 1.4948633 | X93: =IF(W93>=89.5%,90%,0%) -> 0.9 | Y93: =E93+I93+M93+Q93+U93 -> 81313325 | Z93: =F93+J93+N93+R93+V93 -> 86029384 | AA93: =IFERROR(Z93/Y93,0) -> 1.0579986 | AB93: =Y93-Z93 -> -4716059.3 | AC93: =AB93/AC$2 -> -4716059.3
A94: 90 | B94: Paul Telecom | C94: Rangpur | D94: Rangpur | E94: 2586013 | F94: 2367474.7 | G94: =IFERROR(F94/E94,0) -> 0.91549221 | H94: =IF(G94>=89.5%,90%,0%) -> 0.9 | I94: 2906631.4 | J94: 2643236.3 | K94: =IFERROR(J94/I94,0) -> 0.90938131 | L94: =IF(K94>=89.5%,90%,0%) -> 0.9 | M94: 3086030.2 | N94: 1522686.1 | O94: =IFERROR(N94/M94,0) -> 0.49341258 | P94: =IF(O94>=89.5%,90%,0%) -> 0 | Q94: 2312994.1 | R94: 2986525.2 | S94: =IFERROR(R94/Q94,0) -> 1.2911945 | T94: =IF(S94>=89.5%,90%,0%) -> 0.9 | U94: 2775518.7 | V94: =VLOOKUP(B94,'Dealer Wise'!B93:F213,5,0) -> 5301443.9 | W94: =IFERROR(V94/U94,0) -> 1.9100732 | X94: =IF(W94>=89.5%,90%,0%) -> 0.9 | Y94: =E94+I94+M94+Q94+U94 -> 13667187 | Z94: =F94+J94+N94+R94+V94 -> 14821366 | AA94: =IFERROR(Z94/Y94,0) -> 1.0844489 | AB94: =Y94-Z94 -> -1154178.8 | AC94: =AB94/AC$2 -> -1154178.8
A95: 91 | B95: M/S. MM Trade Link | C95: Rangpur | D95: Lalmonirhat | E95: 0 | F95: 0 | G95: =IFERROR(F95/E95,0) -> 0 | H95: =IF(G95>=89.5%,90%,0%) -> 0 | I95: 0 | J95: 0 | K95: =IFERROR(J95/I95,0) -> 0 | L95: =IF(K95>=89.5%,90%,0%) -> 0 | M95: 6420276.1 | N95: 3281888.2 | O95: =IFERROR(N95/M95,0) -> 0.51117554 | P95: =IF(O95>=89.5%,90%,0%) -> 0 | Q95: 6580263.3 | R95: 7309541.4 | S95: =IFERROR(R95/Q95,0) -> 1.1108281 | T95: =IF(S95>=89.5%,90%,0%) -> 0.9 | U95: 8424341.7 | V95: =VLOOKUP(B95,'Dealer Wise'!B94:F214,5,0) -> 12189845 | W95: =IFERROR(V95/U95,0) -> 1.446979 | X95: =IF(W95>=89.5%,90%,0%) -> 0.9 | Y95: =E95+I95+M95+Q95+U95 -> 21424881 | Z95: =F95+J95+N95+R95+V95 -> 22781275 | AA95: =IFERROR(Z95/Y95,0) -> 1.0633093 | AB95: =Y95-Z95 -> -1356393.9 | AC95: =AB95/AC$2 -> -1356393.9
A96: 92 | B96: Feroz Telecom | C96: Rangpur | D96: Lalmonirhat | E96: 9343031.9 | F96: 8511124.1 | G96: =IFERROR(F96/E96,0) -> 0.91095955 | H96: =IF(G96>=89.5%,90%,0%) -> 0.9 | I96: 9680405.6 | J96: 8796806.8 | K96: =IFERROR(J96/I96,0) -> 0.90872295 | L96: =IF(K96>=89.5%,90%,0%) -> 0.9 | M96: 8220225.9 | N96: 5723055.3 | O96: =IFERROR(N96/M96,0) -> 0.6962163 | P96: =IF(O96>=89.5%,90%,0%) -> 0 | Q96: 11713136 | R96: 15392014 | S96: =IFERROR(R96/Q96,0) -> 1.3140814 | T96: =IF(S96>=89.5%,90%,0%) -> 0.9 | U96: 11117894 | V96: =VLOOKUP(B96,'Dealer Wise'!B68:F188,5,0) -> 15724975 | W96: =IFERROR(V96/U96,0) -> 1.4143843 | X96: =IF(W96>=89.5%,90%,0%) -> 0.9 | Y96: =E96+I96+M96+Q96+U96 -> 50074694 | Z96: =F96+J96+N96+R96+V96 -> 54147976 | AA96: =IFERROR(Z96/Y96,0) -> 1.0813441 | AB96: =Y96-Z96 -> -4073282.2 | AC96: =AB96/AC$2 -> -4073282.2
A97: 93 | B97: Missing link trade and distribution | C97: Rangpur | D97: Rangpur | E97: 10420071 | F97: 9067859.5 | G97: =IFERROR(F97/E97,0) -> 0.87023014 | H97: =IF(G97>=89.5%,90%,0%) -> 0 | I97: 11590299 | J97: 9303519.8 | K97: =IFERROR(J97/I97,0) -> 0.80269885 | L97: =IF(K97>=89.5%,90%,0%) -> 0 | M97: 9996681.9 | N97: 4581725.2 | O97: =IFERROR(N97/M97,0) -> 0.4583246 | P97: =IF(O97>=89.5%,90%,0%) -> 0 | Q97: 7998763.4 | R97: 3150097.5 | S97: =IFERROR(R97/Q97,0) -> 0.39382306 | T97: =IF(S97>=89.5%,90%,0%) -> 0 | U97: 10230036 | V97: =VLOOKUP(B97,'Dealer Wise'!B96:F216,5,0) -> 14537614 | W97: =IFERROR(V97/U97,0) -> 1.4210716 | X97: =IF(W97>=89.5%,90%,0%) -> 0.9 | Y97: =E97+I97+M97+Q97+U97 -> 50235851 | Z97: =F97+J97+N97+R97+V97 -> 40640816 | AA97: =IFERROR(Z97/Y97,0) -> 0.80900024 | AB97: =Y97-Z97 -> 9595035.6 | AC97: =AB97/AC$2 -> 9595035.6
A98: 94 | B98: World Media | C98: Rangpur | D98: Rangpur | E98: 10907318 | F98: 11037395 | G98: =IFERROR(F98/E98,0) -> 1.0119257 | H98: =IF(G98>=89.5%,90%,0%) -> 0.9 | I98: 11058913 | J98: 11230261 | K98: =IFERROR(J98/I98,0) -> 1.0154941 | L98: =IF(K98>=89.5%,90%,0%) -> 0.9 | M98: 10455868 | N98: 6505897 | O98: =IFERROR(N98/M98,0) -> 0.62222451 | P98: =IF(O98>=89.5%,90%,0%) -> 0 | Q98: 13472508 | R98: 18190241 | S98: =IFERROR(R98/Q98,0) -> 1.3501748 | T98: =IF(S98>=89.5%,90%,0%) -> 0.9 | U98: 12215133 | V98: =VLOOKUP(B98,'Dealer Wise'!B97:F217,5,0) -> 22469880 | W98: =IFERROR(V98/U98,0) -> 1.8395117 | X98: =IF(W98>=89.5%,90%,0%) -> 0.9 | Y98: =E98+I98+M98+Q98+U98 -> 58109740 | Z98: =F98+J98+N98+R98+V98 -> 69433674 | AA98: =IFERROR(Z98/Y98,0) -> 1.1948715 | AB98: =Y98-Z98 -> -11323935 | AC98: =AB98/AC$2 -> -11323935
A99: 95 | B99: Shahil Distribution | C99: Rangpur | D99: Thakurgaon | E99: 11320277 | F99: 10993983 | G99: =IFERROR(F99/E99,0) -> 0.97117611 | H99: =IF(G99>=89.5%,90%,0%) -> 0.9 | I99: 10699209 | J99: 8577749.8 | K99: =IFERROR(J99/I99,0) -> 0.8017181 | L99: =IF(K99>=89.5%,90%,0%) -> 0 | M99: 10109872 | N99: 6377606.3 | O99: =IFERROR(N99/M99,0) -> 0.63082956 | P99: =IF(O99>=89.5%,90%,0%) -> 0 | Q99: 12266583 | R99: 13655366 | S99: =IFERROR(R99/Q99,0) -> 1.1132168 | T99: =IF(S99>=89.5%,90%,0%) -> 0.9 | U99: 13900063 | V99: =VLOOKUP(B99,'Dealer Wise'!B98:F218,5,0) -> 20530428 | W99: =IFERROR(V99/U99,0) -> 1.4770025 | X99: =IF(W99>=89.5%,90%,0%) -> 0.9 | Y99: =E99+I99+M99+Q99+U99 -> 58296005 | Z99: =F99+J99+N99+R99+V99 -> 60135133 | AA99: =IFERROR(Z99/Y99,0) -> 1.0315481 | AB99: =Y99-Z99 -> -1839127.8 | AC99: =AB99/AC$2 -> -1839127.8
A100: 96 | B100: Swaranika Enterprise | C100: Rangpur | D100: Thakurgaon | E100: 9088223.2 | F100: 8343516.6 | G100: =IFERROR(F100/E100,0) -> 0.91805806 | H100: =IF(G100>=89.5%,90%,0%) -> 0.9 | I100: 7373300.8 | J100: 4177784.5 | K100: =IFERROR(J100/I100,0) -> 0.5666098 | L100: =IF(K100>=89.5%,90%,0%) -> 0 | M100: 7954397 | N100: 5244824.3 | O100: =IFERROR(N100/M100,0) -> 0.65936165 | P100: =IF(O100>=89.5%,90%,0%) -> 0 | Q100: 9285877.9 | R100: 11181424 | S100: =IFERROR(R100/Q100,0) -> 1.2041321 | T100: =IF(S100>=89.5%,90%,0%) -> 0.9 | U100: 9296244.8 | V100: =VLOOKUP(B100,'Dealer Wise'!B99:F219,5,0) -> 14835908 | W100: =IFERROR(V100/U100,0) -> 1.5959033 | X100: =IF(W100>=89.5%,90%,0%) -> 0.9 | Y100: =E100+I100+M100+Q100+U100 -> 42998044 | Z100: =F100+J100+N100+R100+V100 -> 43783458 | AA100: =IFERROR(Z100/Y100,0) -> 1.0182663 | AB100: =Y100-Z100 -> -785413.77 | AC100: =AB100/AC$2 -> -785413.77
A101: 97 | B101: A One Tel | C101: Barisal | D101: Barisal | E101: 11773879 | F101: 11794944 | G101: =IFERROR(F101/E101,0) -> 1.0017892 | H101: =IF(G101>=89.5%,90%,0%) -> 0.9 | I101: 10061535 | J101: 10076325 | K101: =IFERROR(J101/I101,0) -> 1.00147 | L101: =IF(K101>=89.5%,90%,0%) -> 0.9 | M101: 10594369 | N101: 8497155 | O101: =IFERROR(N101/M101,0) -> 0.80204446 | P101: =IF(O101>=89.5%,90%,0%) -> 0 | Q101: 11027880 | R101: 11761801 | S101: =IFERROR(R101/Q101,0) -> 1.0665515 | T101: =IF(S101>=89.5%,90%,0%) -> 0.9 | U101: 13457269 | V101: =VLOOKUP(B101,'Dealer Wise'!B4:F124,5,0) -> 17424054 | W101: =IFERROR(V101/U101,0) -> 1.294769 | X101: =IF(W101>=89.5%,90%,0%) -> 0.9 | Y101: =E101+I101+M101+Q101+U101 -> 56914931 | Z101: =F101+J101+N101+R101+V101 -> 59554280 | AA101: =IFERROR(Z101/Y101,0) -> 1.0463736 | AB101: =Y101-Z101 -> -2639348.8 | AC101: =AB101/AC$2 -> -2639348.8
A102: 98 | B102: Click Mobile Corner | C102: Barisal | D102: Barisal | E102: 3753157.5 | F102: 3773675.3 | G102: =IFERROR(F102/E102,0) -> 1.0054668 | H102: =IF(G102>=89.5%,90%,0%) -> 0.9 | I102: 3350609.4 | J102: 3653248.3 | K102: =IFERROR(J102/I102,0) -> 1.0903235 | L102: =IF(K102>=89.5%,90%,0%) -> 0.9 | M102: 3922668.7 | N102: 2288326.5 | O102: =IFERROR(N102/M102,0) -> 0.58335963 | P102: =IF(O102>=89.5%,90%,0%) -> 0 | Q102: 3497888.9 | R102: 5003494.6 | S102: =IFERROR(R102/Q102,0) -> 1.4304327 | T102: =IF(S102>=89.5%,90%,0%) -> 0.9 | U102: 4965941.2 | V102: =VLOOKUP(B102,'Dealer Wise'!B5:F125,5,0) -> 7148042.4 | W102: =IFERROR(V102/U102,0) -> 1.4394134 | X102: =IF(W102>=89.5%,90%,0%) -> 0.9 | Y102: =E102+I102+M102+Q102+U102 -> 19490266 | Z102: =F102+J102+N102+R102+V102 -> 21866787 | AA102: =IFERROR(Z102/Y102,0) -> 1.1219338 | AB102: =Y102-Z102 -> -2376521.5 | AC102: =AB102/AC$2 -> -2376521.5
A103: 99 | B103: M/S. Karachi Store | C103: Barisal | D103: Barisal | E103: 2523075.5 | F103: 2758195.4 | G103: =IFERROR(F103/E103,0) -> 1.0931878 | H103: =IF(G103>=89.5%,90%,0%) -> 0.9 | I103: 2047675.9 | J103: 2068954.9 | K103: =IFERROR(J103/I103,0) -> 1.0103918 | L103: =IF(K103>=89.5%,90%,0%) -> 0.9 | M103: 2493939.1 | N103: 1505135.6 | O103: =IFERROR(N103/M103,0) -> 0.60351737 | P103: =IF(O103>=89.5%,90%,0%) -> 0 | Q103: 2596651.3 | R103: 2705075.6 | S103: =IFERROR(R103/Q103,0) -> 1.0417554 | T103: =IF(S103>=89.5%,90%,0%) -> 0.9 | U103: 2961100.5 | V103: =VLOOKUP(B103,'Dealer Wise'!B6:F126,5,0) -> 4508129.9 | W103: =IFERROR(V103/U103,0) -> 1.5224508 | X103: =IF(W103>=89.5%,90%,0%) -> 0.9 | Y103: =E103+I103+M103+Q103+U103 -> 12622442 | Z103: =F103+J103+N103+R103+V103 -> 13545491 | AA103: =IFERROR(Z103/Y103,0) -> 1.0731276 | AB103: =Y103-Z103 -> -923049.22 | AC103: =AB103/AC$2 -> -923049.22
A104: 100 | B104: My Fone | C104: Khulna | D104: Patuakhali | E104: 9465941.8 | F104: 8641557.5 | G104: =IFERROR(F104/E104,0) -> 0.91291048 | H104: =IF(G104>=89.5%,90%,0%) -> 0.9 | I104: 8184002.6 | J104: 9808770.6 | K104: =IFERROR(J104/I104,0) -> 1.1985298 | L104: =IF(K104>=89.5%,90%,0%) -> 0.9 | M104: 9103885.2 | N104: 8322400.2 | O104: =IFERROR(N104/M104,0) -> 0.91415918 | P104: =IF(O104>=89.5%,90%,0%) -> 0.9 | Q104: 8618176.6 | R104: 13301831 | S104: =IFERROR(R104/Q104,0) -> 1.5434624 | T104: =IF(S104>=89.5%,90%,0%) -> 0.9 | U104: 11681019 | V104: =VLOOKUP(B104,'Dealer Wise'!B76:F196,5,0) -> 13752057 | W104: =IFERROR(V104/U104,0) -> 1.1772995 | X104: =IF(W104>=89.5%,90%,0%) -> 0.9 | Y104: =E104+I104+M104+Q104+U104 -> 47053025 | Z104: =F104+J104+N104+R104+V104 -> 53826617 | AA104: =IFERROR(Z104/Y104,0) -> 1.1439566 | AB104: =Y104-Z104 -> -6773592 | AC104: =AB104/AC$2 -> -6773592
A105: 101 | B105: Noor Electronics | C105: Khulna | D105: Patuakhali | E105: 10783538 | F105: 10799971 | G105: =IFERROR(F105/E105,0) -> 1.0015239 | H105: =IF(G105>=89.5%,90%,0%) -> 0.9 | I105: 9749010.2 | J105: 11130422 | K105: =IFERROR(J105/I105,0) -> 1.1416976 | L105: =IF(K105>=89.5%,90%,0%) -> 0.9 | M105: 10090306 | N105: 9719970.9 | O105: =IFERROR(N105/M105,0) -> 0.96329793 | P105: =IF(O105>=89.5%,90%,0%) -> 0.9 | Q105: 8801538.1 | R105: 15005796 | S105: =IFERROR(R105/Q105,0) -> 1.7049061 | T105: =IF(S105>=89.5%,90%,0%) -> 0.9 | U105: 11723959 | V105: =VLOOKUP(B105,'Dealer Wise'!B77:F197,5,0) -> 17037193 | W105: =IFERROR(V105/U105,0) -> 1.4531945 | X105: =IF(W105>=89.5%,90%,0%) -> 0.9 | Y105: =E105+I105+M105+Q105+U105 -> 51148351 | Z105: =F105+J105+N105+R105+V105 -> 63693352 | AA105: =IFERROR(Z105/Y105,0) -> 1.245267 | AB105: =Y105-Z105 -> -12545001 | AC105: =AB105/AC$2 -> -12545001
A106: 102 | B106: Zaman Electronics | C106: Khulna | D106: Patuakhali | E106: 4885046.5 | F106: 4009967.4 | G106: =IFERROR(F106/E106,0) -> 0.82086576 | H106: =IF(G106>=89.5%,90%,0%) -> 0 | I106: 4215458.6 | J106: 2742653 | K106: =IFERROR(J106/I106,0) -> 0.65061794 | L106: =IF(K106>=89.5%,90%,0%) -> 0 | M106: 5102112.8 | N106: 2748396 | O106: =IFERROR(N106/M106,0) -> 0.53867802 | P106: =IF(O106>=89.5%,90%,0%) -> 0 | Q106: 0 | R106: 0 | S106: =IFERROR(R106/Q106,0) -> 0 | T106: =IF(S106>=89.5%,90%,0%) -> 0 | U106: 0 | V106: 0 | W106: =IFERROR(V106/U106,0) -> 0 | X106: =IF(W106>=89.5%,90%,0%) -> 0 | Y106: =E106+I106+M106+Q106+U106 -> 14202618 | Z106: =F106+J106+N106+R106+V106 -> 9501016.5 | AA106: =IFERROR(Z106/Y106,0) -> 0.66896234 | AB106: =Y106-Z106 -> 4701601.4 | AC106: =AB106/AC$2 -> 4701601.4
A107: 103 | B107: M/S. Alif Telecom | C107: Khulna | D107: Patuakhali | E107: 0 | F107: 0 | G107: =IFERROR(F107/E107,0) -> 0 | H107: =IF(G107>=89.5%,90%,0%) -> 0 | I107: 0 | J107: 0 | K107: =IFERROR(J107/I107,0) -> 0 | L107: =IF(K107>=89.5%,90%,0%) -> 0 | M107: 0 | N107: 0 | Q107: 4989531.3 | R107: 5600494.6 | S107: =IFERROR(R107/Q107,0) -> 1.122449 | T107: =IF(S107>=89.5%,90%,0%) -> 0.9 | U107: 5395051.4 | V107: =VLOOKUP(B107,'Dealer Wise'!B62:F182,5,0) -> 7325362.7 | W107: =IFERROR(V107/U107,0) -> 1.3577929 | X107: =IF(W107>=89.5%,90%,0%) -> 0.9 | Y107: =E107+I107+M107+Q107+U107 -> 10384583 | Z107: =F107+J107+N107+R107+V107 -> 12925857 | AA107: =IFERROR(Z107/Y107,0) -> 1.2447161 | AB107: =Y107-Z107 -> -2541274.6 | AC107: =AB107/AC$2 -> -2541274.6
A108: 104 | B108: Desh Link | C108: Barisal | D108: Faridpur | E108: 10334371 | F108: 10338931 | G108: =IFERROR(F108/E108,0) -> 1.0004412 | H108: =IF(G108>=89.5%,90%,0%) -> 0.9 | I108: 9036445 | J108: 9037525.8 | K108: =IFERROR(J108/I108,0) -> 1.0001196 | L108: =IF(K108>=89.5%,90%,0%) -> 0.9 | M108: 9354701.1 | N108: 3941331.3 | O108: =IFERROR(N108/M108,0) -> 0.42132092 | P108: =IF(O108>=89.5%,90%,0%) -> 0 | Q108: 9303644.6 | R108: 12705608 | S108: =IFERROR(R108/Q108,0) -> 1.3656592 | T108: =IF(S108>=89.5%,90%,0%) -> 0.9 | U108: 10987773 | V108: =VLOOKUP(B108,'Dealer Wise'!B3:F123,5,0) -> 13459413 | W108: =IFERROR(V108/U108,0) -> 1.2249445 | X108: =IF(W108>=89.5%,90%,0%) -> 0.9 | Y108: =E108+I108+M108+Q108+U108 -> 49016935 | Z108: =F108+J108+N108+R108+V108 -> 49482809 | AA108: =IFERROR(Z108/Y108,0) -> 1.0095043 | AB108: =Y108-Z108 -> -465873.28 | AC108: =AB108/AC$2 -> -465873.28
A109: 105 | B109: M/S Saad Telecom | C109: Barisal | D109: Madaripur | E109: 5455375.9 | F109: 4367731.7 | G109: =IFERROR(F109/E109,0) -> 0.80062892 | H109: =IF(G109>=89.5%,90%,0%) -> 0 | I109: 5060804.9 | J109: 4353309.2 | K109: =IFERROR(J109/I109,0) -> 0.86020095 | L109: =IF(K109>=89.5%,90%,0%) -> 0 | M109: 4752932.5 | N109: 2613926.5 | O109: =IFERROR(N109/M109,0) -> 0.54996079 | P109: =IF(O109>=89.5%,90%,0%) -> 0 | Q109: 4098915.5 | R109: 4552636.4 | S109: =IFERROR(R109/Q109,0) -> 1.1106929 | T109: =IF(S109>=89.5%,90%,0%) -> 0.9 | U109: 6192517.9 | V109: =VLOOKUP(B109,'Dealer Wise'!B4:F124,5,0) -> 6443733.5 | W109: =IFERROR(V109/U109,0) -> 1.0405676 | X109: =IF(W109>=89.5%,90%,0%) -> 0.9 | Y109: =E109+I109+M109+Q109+U109 -> 25560547 | Z109: =F109+J109+N109+R109+V109 -> 22331337 | AA109: =IFERROR(Z109/Y109,0) -> 0.87366431 | AB109: =Y109-Z109 -> 3229209.3 | AC109: =AB109/AC$2 -> 3229209.3
A110: 106 | B110: M/S. National Electronics | C110: Barisal | D110: Faridpur | E110: 7834492.4 | F110: 7138307.5 | G110: =IFERROR(F110/E110,0) -> 0.91113848 | H110: =IF(G110>=89.5%,90%,0%) -> 0.9 | I110: 7380709.2 | J110: 8050466.5 | K110: =IFERROR(J110/I110,0) -> 1.0907443 | L110: =IF(K110>=89.5%,90%,0%) -> 0.9 | M110: 7107379.7 | N110: 4223069.3 | O110: =IFERROR(N110/M110,0) -> 0.5941809 | P110: =IF(O110>=89.5%,90%,0%) -> 0 | Q110: 6697663.9 | R110: 8982647.4 | S110: =IFERROR(R110/Q110,0) -> 1.3411613 | T110: =IF(S110>=89.5%,90%,0%) -> 0.9 | U110: 9078182.2 | V110: =VLOOKUP(B110,'Dealer Wise'!B5:F125,5,0) -> 11021130 | W110: =IFERROR(V110/U110,0) -> 1.2140238 | X110: =IF(W110>=89.5%,90%,0%) -> 0.9 | Y110: =E110+I110+M110+Q110+U110 -> 38098427 | Z110: =F110+J110+N110+R110+V110 -> 39415620 | AA110: =IFERROR(Z110/Y110,0) -> 1.0345734 | AB110: =Y110-Z110 -> -1317192.8 | AC110: =AB110/AC$2 -> -1317192.8
A111: 107 | B111: Toushi Mobile Showroom & Servicing | C111: Barisal | D111: Faridpur | E111: 3282403.1 | F111: 3321772.1 | G111: =IFERROR(F111/E111,0) -> 1.0119939 | H111: =IF(G111>=89.5%,90%,0%) -> 0.9 | I111: 2881846.8 | J111: 2977399.6 | K111: =IFERROR(J111/I111,0) -> 1.0331568 | L111: =IF(K111>=89.5%,90%,0%) -> 0.9 | M111: 3168519.7 | N111: 1733358.5 | O111: =IFERROR(N111/M111,0) -> 0.54705627 | P111: =IF(O111>=89.5%,90%,0%) -> 0 | Q111: 3502857.7 | R111: 5017904.8 | S111: =IFERROR(R111/Q111,0) -> 1.4325175 | T111: =IF(S111>=89.5%,90%,0%) -> 0.9 | U111: 3767780.8 | V111: =VLOOKUP(B111,'Dealer Wise'!B6:F126,5,0) -> 4752464.9 | W111: =IFERROR(V111/U111,0) -> 1.2613433 | X111: =IF(W111>=89.5%,90%,0%) -> 0.9 | Y111: =E111+I111+M111+Q111+U111 -> 16603408 | Z111: =F111+J111+N111+R111+V111 -> 17802900 | AA111: =IFERROR(Z111/Y111,0) -> 1.0722437 | AB111: =Y111-Z111 -> -1199491.9 | AC111: =AB111/AC$2 -> -1199491.9
A112: 108 | B112: M/S. Rasel Enterprise | C112: Barisal | D112: Faridpur | E112: 5873083.2 | F112: 5358205 | G112: =IFERROR(F112/E112,0) -> 0.91233255 | H112: =IF(G112>=89.5%,90%,0%) -> 0.9 | I112: 5358329.6 | J112: 5380214.7 | K112: =IFERROR(J112/I112,0) -> 1.0040843 | L112: =IF(K112>=89.5%,90%,0%) -> 0.9 | M112: 5750938.7 | N112: 3011296.5 | O112: =IFERROR(N112/M112,0) -> 0.52361826 | P112: =IF(O112>=89.5%,90%,0%) -> 0 | Q112: 5863687.3 | R112: 8004247.4 | S112: =IFERROR(R112/Q112,0) -> 1.3650536 | T112: =IF(S112>=89.5%,90%,0%) -> 0.9 | U112: 6758149.2 | V112: =VLOOKUP(B112,'Dealer Wise'!B7:F127,5,0) -> 8397885.5 | W112: =IFERROR(V112/U112,0) -> 1.242631 | X112: =IF(W112>=89.5%,90%,0%) -> 0.9 | Y112: =E112+I112+M112+Q112+U112 -> 29604188 | Z112: =F112+J112+N112+R112+V112 -> 30151849 | AA112: =IFERROR(Z112/Y112,0) -> 1.0184994 | AB112: =Y112-Z112 -> -547661.11 | AC112: =AB112/AC$2 -> -547661.11
...

Sheet JAN+FEB+MAY+JUNE 
B1: Q1 Achivment'20
X2: Days | Y2: ='Dealer Wise'!Q2 -> 1
A3: SL No. | B3: Dealer Name | C3: Region/ Cluster | D3: Dealer Zone | E3: JAN'20 | I3: FEB'20 | M3: April & May'20 | Q3: JUNE'20 | U3: Q1-2020 | Y3: Per Day
E4: Target | F4: Achievement | G4: % | H4: Score 90% | I4: Target | J4: Achievement | K4: % | L4: Score 90% | M4: Target | N4: Achievement | O4: % | P4: Score 90% | Q4: Target | R4: Achievement | S4: % | T4: Score 90% | U4: Q1 Target | V4: Q1 Achievement | W4: Q1% | X4: Remaining
A5: 1 | B5: MM Communication | C5: Dhaka North | D5: Uttara | E5: 13946603 | F5: 15266103 | G5: =IFERROR(F5/E5,0) -> 1.0946108 | H5: =IF(G5>=89.5%,90%,0%) -> 0.9 | I5: 13445482 | J5: 12266706 | K5: =IFERROR(J5/I5,0) -> 0.9123292 | L5: =IF(K5>=89.5%,90%,0%) -> 0.9 | M5: 10231115 | N5: 11595518 | O5: =IFERROR(N5/M5,0) -> 1.1333582 | P5: =IF(O5>=89.5%,90%,0%) -> 0.9 | Q5: 15167336 | R5: =VLOOKUP(B5,'Dealer Wise'!B4:F124,5,0) -> 17010991 | S5: =IFERROR(R5/Q5,0) -> 1.1215543 | T5: =IF(S5>=89.5%,90%,0%) -> 0.9 | U5: =E5+I5+M5+Q5 -> 52790537 | V5: =F5+J5+N5+R5 -> 56139318 | W5: =IFERROR(V5/U5,0) -> 1.0634352 | X5: =U5-V5 -> -3348780.8 | Y5: =X5/Y$2 -> -3348780.8
A6: 2 | B6: Shore Distribution | C6: Dhaka North | D6: Savar | E6: 12566633 | F6: 12798336 | G6: =IFERROR(F6/E6,0) -> 1.018438 | H6: =IF(G6>=89.5%,90%,0%) -> 0.9 | I6: 11946061 | J6: 10892992 | K6: =IFERROR(J6/I6,0) -> 0.91184798 | L6: =IF(K6>=89.5%,90%,0%) -> 0.9 | M6: 8468919.1 | N6: 11694244 | O6: =IFERROR(N6/M6,0) -> 1.3808426 | P6: =IF(O6>=89.5%,90%,0%) -> 0.9 | Q6: 14973802 | R6: =VLOOKUP(B6,'Dealer Wise'!B5:F125,5,0) -> 13628906 | S6: =IFERROR(R6/Q6,0) -> 0.9101834 | T6: =IF(S6>=89.5%,90%,0%) -> 0.9 | U6: =E6+I6+M6+Q6 -> 47955415 | V6: =F6+J6+N6+R6 -> 49014479 | W6: =IFERROR(V6/U6,0) -> 1.0220843 | X6: =U6-V6 -> -1059063.6 | Y6: =X6/Y$2 -> -1059063.6
A7: 3 | B7: Saif Telecom | C7: Dhaka South | D7: Dhanmondi | E7: 13251519 | F7: 13461503 | G7: =IFERROR(F7/E7,0) -> 1.0158461 | H7: =IF(G7>=89.5%,90%,0%) -> 0.9 | I7: 13373096 | J7: 10896642 | K7: =IFERROR(J7/I7,0) -> 0.81481824 | L7: =IF(K7>=89.5%,90%,0%) -> 0 | M7: 10636827 | N7: 372471.29 | O7: =IFERROR(N7/M7,0) -> 0.035017144 | P7: =IF(O7>=89.5%,90%,0%) -> 0 | Q7: 10971048 | R7: =VLOOKUP(B7,'Dealer Wise'!B6:F126,5,0) -> 16853739 | S7: =IFERROR(R7/Q7,0) -> 1.5362014 | T7: =IF(S7>=89.5%,90%,0%) -> 0.9 | U7: =E7+I7+M7+Q7 -> 48232489 | V7: =F7+J7+N7+R7 -> 41584355 | W7: =IFERROR(V7/U7,0) -> 0.86216482 | X7: =U7-V7 -> 6648133.7 | Y7: =X7/Y$2 -> 6648133.7
A8: 4 | B8: Nabil Enterprise | C8: Dhaka North | D8: Gulshan | E8: 24518114 | F8: 24552383 | G8: =IFERROR(F8/E8,0) -> 1.0013977 | H8: =IF(G8>=89.5%,90%,0%) -> 0.9 | I8: 25762885 | J8: 25768230 | K8: =IFERROR(J8/I8,0) -> 1.0002075 | L8: =IF(K8>=89.5%,90%,0%) -> 0.9 | M8: 15571528 | N8: 23363649 | O8: =IFERROR(N8/M8,0) -> 1.5004082 | P8: =IF(O8>=89.5%,90%,0%) -> 0.9 | Q8: 31611266 | R8: =VLOOKUP(B8,'Dealer Wise'!B7:F127,5,0) -> 21125124 | S8: =IFERROR(R8/Q8,0) -> 0.66827832 | T8: =IF(S8>=89.5%,90%,0%) -> 0 | U8: =E8+I8+M8+Q8 -> 97463793 | V8: =F8+J8+N8+R8 -> 94809386 | W8: =IFERROR(V8/U8,0) -> 0.9727652 | X8: =U8-V8 -> 2654407.2 | Y8: =X8/Y$2 -> 2654407.2
A9: 5 | B9: TM Communication | C9: Dhaka North | D9: Uttara | E9: 14165697 | F9: 14204736 | G9: =IFERROR(F9/E9,0) -> 1.002756 | H9: =IF(G9>=89.5%,90%,0%) -> 0.9 | I9: 15542888 | J9: 12513226 | K9: =IFERROR(J9/I9,0) -> 0.80507731 | L9: =IF(K9>=89.5%,90%,0%) -> 0 | M9: 12896058 | N9: 12473873 | O9: =IFERROR(N9/M9,0) -> 0.96726247 | P9: =IF(O9>=89.5%,90%,0%) -> 0.9 | Q9: 15628878 | R9: =VLOOKUP(B9,'Dealer Wise'!B8:F128,5,0) -> 18134040 | S9: =IFERROR(R9/Q9,0) -> 1.1602906 | T9: =IF(S9>=89.5%,90%,0%) -> 0.9 | U9: =E9+I9+M9+Q9 -> 58233521 | V9: =F9+J9+N9+R9 -> 57325876 | W9: =IFERROR(V9/U9,0) -> 0.9844137 | X9: =U9-V9 -> 907644.84 | Y9: =X9/Y$2 -> 907644.84
A10: 6 | B10: Mobile House | C10: Dhaka North | D10: Mirpur | E10: 24534222 | F10: 22435448 | G10: =IFERROR(F10/E10,0) -> 0.91445526 | H10: =IF(G10>=89.5%,90%,0%) -> 0.9 | I10: 25134354 | J10: 23636531 | K10: =IFERROR(J10/I10,0) -> 0.94040734 | L10: =IF(K10>=89.5%,90%,0%) -> 0.9 | M10: 17361288 | N10: 16442528 | O10: =IFERROR(N10/M10,0) -> 0.94707997 | P10: =IF(O10>=89.5%,90%,0%) -> 0.9 | Q10: 27982608 | R10: =VLOOKUP(B10,'Dealer Wise'!B9:F129,5,0) -> 30642958 | S10: =IFERROR(R10/Q10,0) -> 1.0950716 | T10: =IF(S10>=89.5%,90%,0%) -> 0.9 | U10: =E10+I10+M10+Q10 -> 95012471 | V10: =F10+J10+N10+R10 -> 93157465 | W10: =IFERROR(V10/U10,0) -> 0.98047618 | X10: =U10-V10 -> 1855006.1 | Y10: =X10/Y$2 -> 1855006.1
A11: 7 | B11: Trade plus | C11: Dhaka North | D11: Mirpur | E11: 6896011.5 | F11: 6949645.6 | G11: =IFERROR(F11/E11,0) -> 1.0077775 | H11: =IF(G11>=89.5%,90%,0%) -> 0.9 | I11: 6572328.1 | J11: 6621142.5 | K11: =IFERROR(J11/I11,0) -> 1.0074273 | L11: =IF(K11>=89.5%,90%,0%) -> 0.9 | M11: 6322222.3 | N11: 1888384.2 | O11: =IFERROR(N11/M11,0) -> 0.29868994 | P11: =IF(O11>=89.5%,90%,0%) -> 0 | Q11: 8265601.5 | R11: =VLOOKUP(B11,'Dealer Wise'!B10:F130,5,0) -> 8466022.9 | S11: =IFERROR(R11/Q11,0) -> 1.0242477 | T11: =IF(S11>=89.5%,90%,0%) -> 0.9 | U11: =E11+I11+M11+Q11 -> 28056163 | V11: =F11+J11+N11+R11 -> 23925195 | W11: =IFERROR(V11/U11,0) -> 0.85276076 | X11: =U11-V11 -> 4130968.1 | Y11: =X11/Y$2 -> 4130968.1
A12: 8 | B12: Star Telecom | C12: Dhaka North | D12: Savar | E12: 7016253.3 | F12: 7023259.4 | G12: =IFERROR(F12/E12,0) -> 1.0009985 | H12: =IF(G12>=89.5%,90%,0%) -> 0.9 | I12: 6965260.2 | J12: 6694113.1 | K12: =IFERROR(J12/I12,0) -> 0.96107151 | L12: =IF(K12>=89.5%,90%,0%) -> 0.9 | M12: 6033147.3 | N12: 6787207 | O12: =IFERROR(N12/M12,0) -> 1.1249861 | P12: =IF(O12>=89.5%,90%,0%) -> 0.9 | Q12: 8672771.8 | R12: =VLOOKUP(B12,'Dealer Wise'!B11:F131,5,0) -> 9250627.4 | S12: =IFERROR(R12/Q12,0) -> 1.0666287 | T12: =IF(S12>=89.5%,90%,0%) -> 0.9 | U12: =E12+I12+M12+Q12 -> 28687433 | V12: =F12+J12+N12+R12 -> 29755207 | W12: =IFERROR(V12/U12,0) -> 1.037221 | X12: =U12-V12 -> -1067774.3 | Y12: =X12/Y$2 -> -1067774.3
A13: 9 | B13: Zaara Corporation | C13: Dhaka North | D13: Savar | E13: 15861346 | F13: 14438925 | G13: =IFERROR(F13/E13,0) -> 0.91032156 | H13: =IF(G13>=89.5%,90%,0%) -> 0.9 | I13: 15806537 | J13: 15830032 | K13: =IFERROR(J13/I13,0) -> 1.0014864 | L13: =IF(K13>=89.5%,90%,0%) -> 0.9 | M13: 19424581 | N13: 16282265 | O13: =IFERROR(N13/M13,0) -> 0.83822992 | P13: =IF(O13>=89.5%,90%,0%) -> 0 | Q13: 19367585 | R13: =VLOOKUP(B13,'Dealer Wise'!B12:F132,5,0) -> 21975071 | S13: =IFERROR(R13/Q13,0) -> 1.1346314 | T13: =IF(S13>=89.5%,90%,0%) -> 0.9 | U13: =E13+I13+M13+Q13 -> 70460049 | V13: =F13+J13+N13+R13 -> 68526294 | W13: =IFERROR(V13/U13,0) -> 0.97255529 | X13: =U13-V13 -> 1933755.5 | Y13: =X13/Y$2 -> 1933755.5
A14: 10 | B14: One Telecom (CTG Road) | C14: Dhaka South | D14: Narayangonj | E14: 13685260 | F14: 12513322 | G14: =IFERROR(F14/E14,0) -> 0.91436495 | H14: =IF(G14>=89.5%,90%,0%) -> 0.9 | I14: 14002215 | J14: 9679959.8 | K14: =IFERROR(J14/I14,0) -> 0.69131633 | L14: =IF(K14>=89.5%,90%,0%) -> 0 | M14: 9066793.2 | N14: 4263316.7 | O14: =IFERROR(N14/M14,0) -> 0.47021219 | P14: =IF(O14>=89.5%,90%,0%) -> 0 | Q14: 16047731 | R14: =VLOOKUP(B14,'Dealer Wise'!B13:F133,5,0) -> 20714177 | S14: =IFERROR(R14/Q14,0) -> 1.2907854 | T14: =IF(S14>=89.5%,90%,0%) -> 0.9 | U14: =E14+I14+M14+Q14 -> 52801999 | V14: =F14+J14+N14+R14 -> 47170775 | W14: =IFERROR(V14/U14,0) -> 0.89335207 | X14: =U14-V14 -> 5631224.1 | Y14: =X14/Y$2 -> 5631224.1
A15: 11 | B15: M K Trading Co. | C15: Dhaka South | D15: Narshingdi | E15: 8701407 | F15: 7929466.1 | G15: =IFERROR(F15/E15,0) -> 0.9112855 | H15: =IF(G15>=89.5%,90%,0%) -> 0.9 | I15: 9077948.9 | J15: 4184153.7 | K15: =IFERROR(J15/I15,0) -> 0.46091399 | L15: =IF(K15>=89.5%,90%,0%) -> 0 | M15: 6403039.2 | N15: 5549698.2 | O15: =IFERROR(N15/M15,0) -> 0.86672877 | P15: =IF(O15>=89.5%,90%,0%) -> 0 | Q15: 7324268.2 | R15: =VLOOKUP(B15,'Dealer Wise'!B14:F134,5,0) -> 9421253.6 | S15: =IFERROR(R15/Q15,0) -> 1.2863065 | T15: =IF(S15>=89.5%,90%,0%) -> 0.9 | U15: =E15+I15+M15+Q15 -> 31506663 | V15: =F15+J15+N15+R15 -> 27084572 | W15: =IFERROR(V15/U15,0) -> 0.85964583 | X15: =U15-V15 -> 4422091.7 | Y15: =X15/Y$2 -> 4422091.7
A16: 12 | B16: Ananda Electronics | C16: Dhaka South | D16: Shantinagar | E16: 5476783.3 | F16: 4446004.1 | G16: =IFERROR(F16/E16,0) -> 0.81179112 | H16: =IF(G16>=89.5%,90%,0%) -> 0 | I16: 6469583.7 | J16: 3993599.7 | K16: =IFERROR(J16/I16,0) -> 0.61728851 | L16: =IF(K16>=89.5%,90%,0%) -> 0 | M16: 4000974.1 | N16: 4316090.5 | O16: =IFERROR(N16/M16,0) -> 1.0787599 | P16: =IF(O16>=89.5%,90%,0%) -> 0.9 | Q16: 6358681.2 | R16: =VLOOKUP(B16,'Dealer Wise'!B15:F135,5,0) -> 8976005.1 | S16: =IFERROR(R16/Q16,0) -> 1.4116143 | T16: =IF(S16>=89.5%,90%,0%) -> 0.9 | U16: =E16+I16+M16+Q16 -> 22306022 | V16: =F16+J16+N16+R16 -> 21731699 | W16: =IFERROR(V16/U16,0) -> 0.97425256 | X16: =U16-V16 -> 574322.99 | Y16: =X16/Y$2 -> 574322.99
... A31: 27 | B31: Rathura Enterprise | C31: Dhaka North | D31: Gazipur | E31: 36189056 | F31: 36581898 | G31: =IFERROR(F31/E31,0) -> 1.0108553 | H31: =IF(G31>=89.5%,90%,0%) -> 0.9 | I31: 36204566 | J31: 36404334 | K31: =IFERROR(J31/I31,0) -> 1.0055178 | L31: =IF(K31>=89.5%,90%,0%) -> 0.9 | M31: 29503982 | N31: 29666880 | O31: =IFERROR(N31/M31,0) -> 1.0055212 | P31: =IF(O31>=89.5%,90%,0%) -> 0.9 | Q31: 37666846 | R31: =VLOOKUP(B31,'Dealer Wise'!B30:F150,5,0) -> 52729026 | S31: =IFERROR(R31/Q31,0) -> 1.399879 | T31: =IF(S31>=89.5%,90%,0%) -> 0.9 | U31: =E31+I31+M31+Q31 -> 1.3956445e+08 | V31: =F31+J31+N31+R31 -> 1.5538214e+08 | W31: =IFERROR(V31/U31,0) -> 1.1133361 | X31: =U31-V31 -> -15817688 | Y31: =X31/Y$2 -> -15817688
A32: 28 | B32: M/S Siddique Enterprise | C32: Dhaka North | D32: Jamalpur | E32: 18057911 | F32: 17576176 | G32: =IFERROR(F32/E32,0) -> 0.97332276 | H32: =IF(G32>=89.5%,90%,0%) -> 0.9 | I32: 18128278 | J32: 16510217 | K32: =IFERROR(J32/I32,0) -> 0.91074381 | L32: =IF(K32>=89.5%,90%,0%) -> 0.9 | M32: 16564828 | N32: 20110720 | O32: =IFERROR(N32/M32,0) -> 1.2140615 | P32: =IF(O32>=89.5%,90%,0%) -> 0.9 | Q32: 20532372 | R32: =VLOOKUP(B32,'Dealer Wise'!B4:F124,5,0) -> 18441931 | S32: =IFERROR(R32/Q32,0) -> 0.89818808 | T32: =IF(S32>=89.5%,90%,0%) -> 0.9 | U32: =E32+I32+M32+Q32 -> 73283389 | V32: =F32+J32+N32+R32 -> 72639045 | W32: =IFERROR(V32/U32,0) -> 0.9912075 | X32: =U32-V32 -> 644344.21 | Y32: =X32/Y$2 -> 644344.21
A33: 29 | B33: Priyo Telecom | C33: Dhaka North | D33: Tangail | E33: 4092843.5 | F33: 4759278.4 | G33: =IFERROR(F33/E33,0) -> 1.1628293 | H33: =IF(G33>=89.5%,90%,0%) -> 0.9 | I33: 4769847.4 | J33: 4854607.6 | K33: =IFERROR(J33/I33,0) -> 1.01777 | L33: =IF(K33>=89.5%,90%,0%) -> 0.9 | M33: 5908296.3 | N33: 6473011.4 | O33: =IFERROR(N33/M33,0) -> 1.09558 | P33: =IF(O33>=89.5%,90%,0%) -> 0.9 | Q33: 5290495.5 | R33: =VLOOKUP(B33,'Dealer Wise'!B32:F152,5,0) -> 6167709.9 | S33: =IFERROR(R33/Q33,0) -> 1.1658095 | T33: =IF(S33>=89.5%,90%,0%) -> 0.9 | U33: =E33+I33+M33+Q33 -> 20061483 | V33: =F33+J33+N33+R33 -> 22254607 | W33: =IFERROR(V33/U33,0) -> 1.1093202 | X33: =U33-V33 -> -2193124.6 | Y33: =X33/Y$2 -> -2193124.6
A34: 30 | B34: Repon Enterprise | C34: Dhaka North | D34: Netrokona | E34: 11359254 | F34: 11958386 | G34: =IFERROR(F34/E34,0) -> 1.0527439 | H34: =IF(G34>=89.5%,90%,0%) -> 0.9 | I34: 12229300 | J34: 11144410 | K34: =IFERROR(J34/I34,0) -> 0.91128763 | L34: =IF(K34>=89.5%,90%,0%) -> 0.9 | M34: 11580126 | N34: 13451293 | O34: =IFERROR(N34/M34,0) -> 1.1615844 | P34: =IF(O34>=89.5%,90%,0%) -> 0.9 | Q34: 15211473 | R34: =VLOOKUP(B34,'Dealer Wise'!B33:F153,5,0) -> 16584227 | S34: =IFERROR(R34/Q34,0) -> 1.0902446 | T34: =IF(S34>=89.5%,90%,0%) -> 0.9 | U34: =E34+I34+M34+Q34 -> 50380152 | V34: =F34+J34+N34+R34 -> 53138315 | W34: =IFERROR(V34/U34,0) -> 1.054747 | X34: =U34-V34 -> -2758162.4 | Y34: =X34/Y$2 -> -2758162.4
A35: 31 | B35: M/S Saidur Electronics | C35: Dhaka North | D35: Mymensingh | E35: 8751896 | F35: 8755764.6 | G35: =IFERROR(F35/E35,0) -> 1.000442 | H35: =IF(G35>=89.5%,90%,0%) -> 0.9 | I35: 8868116 | J35: 9483601.4 | K35: =IFERROR(J35/I35,0) -> 1.0694043 | L35: =IF(K35>=89.5%,90%,0%) -> 0.9 | M35: 12023736 | N35: 15207928 | O35: =IFERROR(N35/M35,0) -> 1.2648255 | P35: =IF(O35>=89.5%,90%,0%) -> 0.9 | Q35: 10399017 | R35: =VLOOKUP(B35,'Dealer Wise'!B7:F127,5,0) -> 15115605 | S35: =IFERROR(R35/Q35,0) -> 1.4535609 | T35: =IF(S35>=89.5%,90%,0%) -> 0.9 | U35: =E35+I35+M35+Q35 -> 40042766 | V35: =F35+J35+N35+R35 -> 48562900 | W35: =IFERROR(V35/U35,0) -> 1.2127759 | X35: =U35-V35 -> -8520133.9 | Y35: =X35/Y$2 -> -8520133.9
A36: 32 | B36: M/S Zaman Enterprise | C36: Dhaka North | D36: Mymensingh | E36: 14114289 | F36: 4397166.2 | G36: =IFERROR(F36/E36,0) -> 0.31154004 | H36: =IF(G36>=89.5%,90%,0%) -> 0 | I36: 13171231 | J36: 13236078 | K36: =IFERROR(J36/I36,0) -> 1.0049234 | L36: =IF(K36>=89.5%,90%,0%) -> 0.9 | M36: 15045238 | N36: 15106263 | O36: =IFERROR(N36/M36,0) -> 1.0040561 | P36: =IF(O36>=89.5%,90%,0%) -> 0.9 | Q36: 15205134 | R36: =VLOOKUP(B36,'Dealer Wise'!B8:F128,5,0) -> 21084970 | S36: =IFERROR(R36/Q36,0) -> 1.3867007 | T36: =IF(S36>=89.5%,90%,0%) -> 0.9 | U36: =E36+I36+M36+Q36 -> 57535892 | V36: =F36+J36+N36+R36 -> 53824478 | W36: =IFERROR(V36/U36,0) -> 0.93549393 | X36: =U36-V36 -> 3711414.4 | Y36: =X36/Y$2 -> 3711414.4
A37: 33 | B37: Shisha Stationary & Electronics | C37: Dhaka North | D37: Mymensingh | E37: 4985965.3 | F37: 5267295.6 | G37: =IFERROR(F37/E37,0) -> 1.0564244 | H37: =IF(G37>=89.5%,90%,0%) -> 0.9 | I37: 5138726.7 | J37: 6039191.2 | K37: =IFERROR(J37/I37,0) -> 1.1752311 | L37: =IF(K37>=89.5%,90%,0%) -> 0.9 | M37: 6716798.8 | N37: 7327165 | O37: =IFERROR(N37/M37,0) -> 1.0908716 | P37: =IF(O37>=89.5%,90%,0%) -> 0.9 | Q37: 6507768.5 | R37: =VLOOKUP(B37,'Dealer Wise'!B36:F156,5,0) -> 6942003.7 | S37: =IFERROR(R37/Q37,0) -> 1.0667257 | T37: =IF(S37>=89.5%,90%,0%) -> 0.9 | U37: =E37+I37+M37+Q37 -> 23349259 | V37: =F37+J37+N37+R37 -> 25575656 | W37: =IFERROR(V37/U37,0) -> 1.0953519 | X37: =U37-V37 -> -2226396.3 | Y37: =X37/Y$2 -> -2226396.3
A38: 34 | B38: M/S. Sujan Telecom | C38: Dhaka North | D38: Netrokona | E38: 4561648.1 | F38: 4611830.1 | G38: =IFERROR(F38/E38,0) -> 1.0110009 | H38: =IF(G38>=89.5%,90%,0%) -> 0.9 | I38: 4301975.2 | J38: 5121956 | K38: =IFERROR(J38/I38,0) -> 1.1906056 | L38: =IF(K38>=89.5%,90%,0%) -> 0.9 | M38: 5593376.5 | N38: 5929536.1 | O38: =IFERROR(N38/M38,0) -> 1.0600996 | P38: =IF(O38>=89.5%,90%,0%) -> 0.9 | Q38: 4692348.7 | R38: =VLOOKUP(B38,'Dealer Wise'!B10:F130,5,0) -> 7831770.3 | S38: =IFERROR(R38/Q38,0) -> 1.6690512 | T38: =IF(S38>=89.5%,90%,0%) -> 0.9 | U38: =E38+I38+M38+Q38 -> 19149348 | V38: =F38+J38+N38+R38 -> 23495093 | W38: =IFERROR(V38/U38,0) -> 1.2269395 | X38: =U38-V38 -> -4345744.1 | Y38: =X38/Y$2 -> -4345744.1
A39: 35 | B39: Shaheen Multimedia & Telecom | C39: Dhaka North | D39: Netrokona | E39: 11467512 | F39: 11775999 | G39: =IFERROR(F39/E39,0) -> 1.0269009 | H39: =IF(G39>=89.5%,90%,0%) -> 0.9 | I39: 11194543 | J39: 10780501 | K39: =IFERROR(J39/I39,0) -> 0.96301393 | L39: =IF(K39>=89.5%,90%,0%) -> 0.9 | M39: 11370516 | N39: 20634084 | O39: =IFERROR(N39/M39,0) -> 1.8147007 | P39: =IF(O39>=89.5%,90%,0%) -> 0.9 | Q39: 13836316 | R39: =VLOOKUP(B39,'Dealer Wise'!B38:F158,5,0) -> 18801128 | S39: =IFERROR(R39/Q39,0) -> 1.3588247 | T39: =IF(S39>=89.5%,90%,0%) -> 0.9 | U39: =E39+I39+M39+Q39 -> 47868888 | V39: =F39+J39+N39+R39 -> 61991712 | W39: =IFERROR(V39/U39,0) -> 1.2950314 | X39: =U39-V39 -> -14122824 | Y39: =X39/Y$2 -> -14122824
A40: 36 | B40: M/S. Mukul Enterprise | C40: Dhaka North | D40: Jamalpur | E40: 7142539.8 | F40: 7465139.6 | G40: =IFERROR(F40/E40,0) -> 1.045166 | H40: =IF(G40>=89.5%,90%,0%) -> 0.9 | I40: 8262920.9 | J40: 7537088.7 | K40: =IFERROR(J40/I40,0) -> 0.91215792 | L40: =IF(K40>=89.5%,90%,0%) -> 0.9 | M40: 7798119.9 | N40: 10454228 | O40: =IFERROR(N40/M40,0) -> 1.3406087 | P40: =IF(O40>=89.5%,90%,0%) -> 0.9 | Q40: 8658976.4 | R40: =VLOOKUP(B40,'Dealer Wise'!B12:F132,5,0) -> 12252774 | S40: =IFERROR(R40/Q40,0) -> 1.4150372 | T40: =IF(S40>=89.5%,90%,0%) -> 0.9 | U40: =E40+I40+M40+Q40 -> 31862557 | V40: =F40+J40+N40+R40 -> 37709230 | W40: =IFERROR(V40/U40,0) -> 1.1834967 | X40: =U40-V40 -> -5846673.1 | Y40: =X40/Y$2 -> -5846673.1
A41: 37 | B41: Bismillah Telecom | C41: Dhaka North | D41: Jamalpur | E41: 5947608 | F41: 5415446.3 | G41: =IFERROR(F41/E41,0) -> 0.91052509 | H41: =IF(G41>=89.5%,90%,0%) -> 0.9 | I41: 5448695.8 | J41: 5892103.6 | K41: =IFERROR(J41/I41,0) -> 1.0813787 | L41: =IF(K41>=89.5%,90%,0%) -> 0.9 | M41: 6567947.4 | N41: 8374632.4 | O41: =IFERROR(N41/M41,0) -> 1.2750761 | P41: =IF(O41>=89.5%,90%,0%) -> 0.9 | Q41: 6787407 | R41: =VLOOKUP(B41,'Dealer Wise'!B13:F133,5,0) -> 9717752.9 | S41: =IFERROR(R41/Q41,0) -> 1.4317328 | T41: =IF(S41>=89.5%,90%,0%) -> 0.9 | U41: =E41+I41+M41+Q41 -> 24751658 | V41: =F41+J41+N41+R41 -> 29399935 | W41: =IFERROR(V41/U41,0) -> 1.1877966 | X41: =U41-V41 -> -4648277.1 | Y41: =X41/Y$2 -> -4648277.1
A42: 38 | B42: S.M Tel | C42: Dhaka North | D42: Tangail | E42: 16177259 | F42: 14742379 | G42: =IFERROR(F42/E42,0) -> 0.91130269 | H42: =IF(G42>=89.5%,90%,0%) -> 0.9 | I42: 16729959 | J42: 16762728 | K42: =IFERROR(J42/I42,0) -> 1.0019587 | L42: =IF(K42>=89.5%,90%,0%) -> 0.9 | M42: 12078627 | N42: 20315634 | O42: =IFERROR(N42/M42,0) -> 1.681949 | P42: =IF(O42>=89.5%,90%,0%) -> 0.9 | Q42: 18214704 | R42: =VLOOKUP(B42,'Dealer Wise'!B41:F161,5,0) -> 22168706 | S42: =IFERROR(R42/Q42,0) -> 1.2170775 | T42: =IF(S42>=89.5%,90%,0%) -> 0.9 | U42: =E42+I42+M42+Q42 -> 63200548 | V42: =F42+J42+N42+R42 -> 73989447 | W42: =IFERROR(V42/U42,0) -> 1.170709 | X42: =U42-V42 -> -10788899 | Y42: =X42/Y$2 -> -10788899
A43: 39 | B43: New Samanta Telecom | C43: Dhaka South | D43: Narshingdi | E43: 3375933.8 | F43: 3412159.7 | G43: =IFERROR(F43/E43,0) -> 1.0107306 | H43: =IF(G43>=89.5%,90%,0%) -> 0.9 | I43: 3541409.4 | J43: 3226998.6 | K43: =IFERROR(J43/I43,0) -> 0.91121875 | L43: =IF(K43>=89.5%,90%,0%) -> 0.9 | M43: 4164353.1 | N43: 5780353.1 | O43: =IFERROR(N43/M43,0) -> 1.3880555 | P43: =IF(O43>=89.5%,90%,0%) -> 0.9 | Q43: 5675444.3 | R43: =VLOOKUP(B43,'Dealer Wise'!B42:F162,5,0) -> 5302772.1 | S43: =IFERROR(R43/Q43,0) -> 0.93433603 | T43: =IF(S43>=89.5%,90%,0%) -> 0.9 | U43: =E43+I43+M43+Q43 -> 16757141 | V43: =F43+J43+N43+R43 -> 17722284 | W43: =IFERROR(V43/U43,0) -> 1.0575959 | X43: =U43-V43 -> -965142.95 | Y43: =X43/Y$2 -> -965142.95
A44: 40 | B44: Samiya Telecom | C44: Dhaka South | D44: Narshingdi | E44: 11233720 | F44: 9706859.9 | G44: =IFERROR(F44/E44,0) -> 0.86408244 | H44: =IF(G44>=89.5%,90%,0%) -> 0 | I44: 12754675 | J44: 5382491.7 | K44: =IFERROR(J44/I44,0) -> 0.42200149 | L44: =IF(K44>=89.5%,90%,0%) -> 0 | M44: 8865309.9 | N44: 7144654.7 | O44: =IFERROR(N44/M44,0) -> 0.80591144 | P44: =IF(O44>=89.5%,90%,0%) -> 0 | Q44: 12134240 | R44: =VLOOKUP(B44,'Dealer Wise'!B43:F163,5,0) -> 15919332 | S44: =IFERROR(R44/Q44,0) -> 1.3119348 | T44: =IF(S44>=89.5%,90%,0%) -> 0.9 | U44: =E44+I44+M44+Q44 -> 44987944 | V44: =F44+J44+N44+R44 -> 38153339 | W44: =IFERROR(V44/U44,0) -> 0.84807917 | X44: =U44-V44 -> 6834605.9 | Y44: =X44/Y$2 -> 6834605.9
A45: 41 | B45: Samiya Telecom-2 | C45: Dhaka South | D45: Narshingdi | E45: 5739362.1 | F45: 5246066.7 | G45: =IFERROR(F45/E45,0) -> 0.91405048 | H45: =IF(G45>=89.5%,90%,0%) -> 0.9 | I45: 6208696.4 | J45: 4997613 | K45: =IFERROR(J45/I45,0) -> 0.80493757 | L45: =IF(K45>=89.5%,90%,0%) -> 0 | M45: 4006529.6 | N45: 4871907.1 | O45: =IFERROR(N45/M45,0) -> 1.2159918 | P45: =IF(O45>=89.5%,90%,0%) -> 0.9 | Q45: 5675444.3 | R45: =VLOOKUP(B45,'Dealer Wise'!B44:F164,5,0) -> 7892293.7 | S45: =IFERROR(R45/Q45,0) -> 1.3906037 | T45: =IF(S45>=89.5%,90%,0%) -> 0.9 | U45: =E45+I45+M45+Q45 -> 21630032 | V45: =F45+J45+N45+R45 -> 23007880 | W45: =IFERROR(V45/U45,0) -> 1.0637007 | X45: =U45-V45 -> -1377848 | Y45: =X45/Y$2 -> -1377848
A46: 42 | B46: Satata Mobile Centre | C46: Sylhet | D46: B.Bari | E46: 7489675.4 | F46: 6482049.5 | G46: =IFERROR(F46/E46,0) -> 0.86546467 | H46: =IF(G46>=89.5%,90%,0%) -> 0 | I46: 8237351.8 | J46: 5744981 | K46: =IFERROR(J46/I46,0) -> 0.69743057 | L46: =IF(K46>=89.5%,90%,0%) -> 0 | M46: 5612749.2 | N46: 3445348.6 | O46: =IFERROR(N46/M46,0) -> 0.61384332 | P46: =IF(O46>=89.5%,90%,0%) -> 0 | Q46: 6916063.4 | R46: =VLOOKUP(B46,'Dealer Wise'!B45:F165,5,0) -> 10459880 | S46: =IFERROR(R46/Q46,0) -> 1.5124037 | T46: =IF(S46>=89.5%,90%,0%) -> 0.9 | U46: =E46+I46+M46+Q46 -> 28255840 | V46: =F46+J46+N46+R46 -> 26132259 | W46: =IFERROR(V46/U46,0) -> 0.92484454 | X46: =U46-V46 -> 2123580.6 | Y46: =X46/Y$2 -> 2123580.6
A47: 43 | B47: M/S. Alam Trade Link | C47: Sylhet | D47: Chandpur | E47: 9260004.3 | F47: 7419726.3 | G47: =IFERROR(F47/E47,0) -> 0.80126597 | H47: =IF(G47>=89.5%,90%,0%) -> 0 | I47: 9854274.6 | J47: 4092492 | K47: =IFERROR(J47/I47,0) -> 0.4153012 | L47: =IF(K47>=89.5%,90%,0%) -> 0 | M47: 7419740.7 | N47: 9557441.9 | O47: =IFERROR(N47/M47,0) -> 1.28811 | P47: =IF(O47>=89.5%,90%,0%) -> 0.9 | Q47: 8497477.3 | R47: =VLOOKUP(B47,'Dealer Wise'!B46:F166,5,0) -> 11268939 | S47: =IFERROR(R47/Q47,0) -> 1.3261512 | T47: =IF(S47>=89.5%,90%,0%) -> 0.9 | U47: =E47+I47+M47+Q47 -> 35031497 | V47: =F47+J47+N47+R47 -> 32338600 | W47: =IFERROR(V47/U47,0) -> 0.92312926 | X47: =U47-V47 -> 2692897.1 | Y47: =X47/Y$2 -> 2692897.1
A48: 44 | B48: M/S. Lotus Telecom | C48: Sylhet | D48: Chandpur | E48: 4747651.3 | F48: 3818130.7 | G48: =IFERROR(F48/E48,0) -> 0.80421463 | H48: =IF(G48>=89.5%,90%,0%) -> 0 | I48: 5293521.9 | J48: 1125386.2 | K48: =IFERROR(J48/I48,0) -> 0.21259687 | L48: =IF(K48>=89.5%,90%,0%) -> 0 | M48: 4007785.5 | N48: 5851825 | O48: =IFERROR(N48/M48,0) -> 1.4601143 | P48: =IF(O48>=89.5%,90%,0%) -> 0.9 | Q48: 4797836.7 | R48: =VLOOKUP(B48,'Dealer Wise'!B47:F167,5,0) -> 6918009.1 | S48: =IFERROR(R48/Q48,0) -> 1.4419017 | T48: =IF(S48>=89.5%,90%,0%) -> 0.9 | U48: =E48+I48+M48+Q48 -> 18846795 | V48: =F48+J48+N48+R48 -> 17713351 | W48: =IFERROR(V48/U48,0) -> 0.93986009 | X48: =U48-V48 -> 1133444.5 | Y48: =X48/Y$2 -> 1133444.5
A49: 45 | B49: M/S Sholav Bitan | C49: Chittagong | D49: Chattogram | E49: 19282697 | F49: 19664322 | G49: =IFERROR(F49/E49,0) -> 1.0197911 | H49: =IF(G49>=89.5%,90%,0%) -> 0.9 | I49: 20819460 | J49: 29391575 | K49: =IFERROR(J49/I49,0) -> 1.4117357 | L49: =IF(K49>=89.5%,90%,0%) -> 0.9 | M49: 16784327 | N49: 19497875 | O49: =IFERROR(N49/M49,0) -> 1.1616715 | P49: =IF(O49>=89.5%,90%,0%) -> 0.9 | Q49: 25367561 | R49: =VLOOKUP(B49,'Dealer Wise'!B4:F124,5,0) -> 35960256 | S49: =IFERROR(R49/Q49,0) -> 1.4175685 | T49: =IF(S49>=89.5%,90%,0%) -> 0.9 | U49: =E49+I49+M49+Q49 -> 82254045 | V49: =F49+J49+N49+R49 -> 1.0451403e+08 | W49: =IFERROR(V49/U49,0) -> 1.2706248 | X49: =U49-V49 -> -22259983 | Y49: =X49/Y$2 -> -22259983
A50: 46 | B50: Sibgat Telecom | C50: Chittagong | D50: Chattogram | E50: 14509483 | F50: 13999031 | G50: =IFERROR(F50/E50,0) -> 0.96481941 | H50: =IF(G50>=89.5%,90%,0%) -> 0.9 | I50: 15501013 | J50: 15950486 | K50: =IFERROR(J50/I50,0) -> 1.0289964 | L50: =IF(K50>=89.5%,90%,0%) -> 0.9 | M50: 14203885 | N50: 12933107 | O50: =IFERROR(N50/M50,0) -> 0.91053308 | P50: =IF(O50>=89.5%,90%,0%) -> 0.9 | Q50: 12980975 | R50: =VLOOKUP(B50,'Dealer Wise'!B22:F142,5,0) -> 19308762 | S50: =IFERROR(R50/Q50,0) -> 1.4874663 | T50: =IF(S50>=89.5%,90%,0%) -> 0.9 | U50: =E50+I50+M50+Q50 -> 57195355 | V50: =F50+J50+N50+R50 -> 62191386 | W50: =IFERROR(V50/U50,0) -> 1.0873503 | X50: =U50-V50 -> -4996030.8 | Y50: =X50/Y$2 -> -4996030.8
A51: 47 | B51: The National Carrier | C51: Chittagong | D51: Chattogram | E51: 9611385 | F51: 5289008.4 | G51: =IFERROR(F51/E51,0) -> 0.55028576 | H51: =IF(G51>=89.5%,90%,0%) -> 0 | I51: 9808266.9 | J51: 4891587.5 | K51: =IFERROR(J51/I51,0) -> 0.49872088 | L51: =IF(K51>=89.5%,90%,0%) -> 0 | M51: 7175261.1 | N51: 873043.17 | O51: =IFERROR(N51/M51,0) -> 0.12167406 | P51: =IF(O51>=89.5%,90%,0%) -> 0 | Q51: 0 | R51: 0 | S51: =IFERROR(R51/Q51,0) -> 0 | T51: =IF(S51>=89.5%,90%,0%) -> 0 | U51: =E51+I51+M51+Q51 -> 26594913 | V51: =F51+J51+N51+R51 -> 11053639 | W51: =IFERROR(V51/U51,0) -> 0.41562982 | X51: =U51-V51 -> 15541274 | Y51: =X51/Y$2 -> 15541274
A52: 48 | B52: Fantasy Telecom | C52: Chittagong | D52: Rangamati | E52: 5344484.5 | F52: 2970563.5 | G52: =IFERROR(F52/E52,0) -> 0.55581852 | H52: =IF(G52>=89.5%,90%,0%) -> 0 | I52: 5256501.3 | J52: 2965065.6 | K52: =IFERROR(J52/I52,0) -> 0.56407588 | L52: =IF(K52>=89.5%,90%,0%) -> 0 | M52: 3575898.2 | N52: 3586383.7 | O52: =IFERROR(N52/M52,0) -> 1.0029323 | P52: =IF(O52>=89.5%,90%,0%) -> 0.9 | Q52: 4967354.9 | R52: =VLOOKUP(B52,'Dealer Wise'!B7:F127,5,0) -> 4487041 | S52: =IFERROR(R52/Q52,0) -> 0.90330591 | T52: =IF(S52>=89.5%,90%,0%) -> 0.9 | U52: =E52+I52+M52+Q52 -> 19144239 | V52: =F52+J52+N52+R52 -> 14009054 | W52: =IFERROR(V52/U52,0) -> 0.73176342 | X52: =U52-V52 -> 5135185.1 | Y52: =X52/Y$2 -> 5135185.1
A53: 49 | B53: Polly Mobile Distribution | C53: Chittagong | D53: Rangamati | E53: 3987981 | F53: 3660593.8 | G53: =IFERROR(F53/E53,0) -> 0.91790652 | H53: =IF(G53>=89.5%,90%,0%) -> 0.9 | I53: 4197837.4 | J53: 3660816.4 | K53: =IFERROR(J53/I53,0) -> 0.87207198 | L53: =IF(K53>=89.5%,90%,0%) -> 0 | M53: 3460917 | N53: 2301710.2 | O53: =IFERROR(N53/M53,0) -> 0.66505788 | P53: =IF(O53>=89.5%,90%,0%) -> 0 | Q53: 4291940.6 | R53: =VLOOKUP(B53,'Dealer Wise'!B8:F128,5,0) -> 4723536.5 | S53: =IFERROR(R53/Q53,0) -> 1.1005596 | T53: =IF(S53>=89.5%,90%,0%) -> 0.9 | U53: =E53+I53+M53+Q53 -> 15938676 | V53: =F53+J53+N53+R53 -> 14346657 | W53: =IFERROR(V53/U53,0) -> 0.90011597 | X53: =U53-V53 -> 1592019.2 | Y53: =X53/Y$2 -> 1592019.2
A54: 50 | B54: Satkania Store | C54: Chittagong | D54: Rangamati | E54: 7356265.5 | F54: 7469595.4 | G54: =IFERROR(F54/E54,0) -> 1.0154059 | H54: =IF(G54>=89.5%,90%,0%) -> 0.9 | I54: 7405369.5 | J54: 6390323.2 | K54: =IFERROR(J54/I54,0) -> 0.86293104 | L54: =IF(K54>=89.5%,90%,0%) -> 0 | M54: 7423688.5 | N54: 13097754 | O54: =IFERROR(N54/M54,0) -> 1.764319 | P54: =IF(O54>=89.5%,90%,0%) -> 0.9 | Q54: 8964140.1 | R54: =VLOOKUP(B54,'Dealer Wise'!B9:F129,5,0) -> 10411692 | S54: =IFERROR(R54/Q54,0) -> 1.1614825 | T54: =IF(S54>=89.5%,90%,0%) -> 0.9 | U54: =E54+I54+M54+Q54 -> 31149463 | V54: =F54+J54+N54+R54 -> 37369364 | W54: =IFERROR(V54/U54,0) -> 1.1996792 | X54: =U54-V54 -> -6219901 | Y54: =X54/Y$2 -> -6219901
A55: 51 | B55: Toyabiya Telecom | C55: Chittagong | D55: Rangamati | E55: 5077711 | F55: 4118334.7 | G55: =IFERROR(F55/E55,0) -> 0.81106126 | H55: =IF(G55>=89.5%,90%,0%) -> 0 | I55: 5636594.7 | J55: 3174056.8 | K55: =IFERROR(J55/I55,0) -> 0.56311603 | L55: =IF(K55>=89.5%,90%,0%) -> 0 | M55: 4781904.9 | N55: 5705656.2 | O55: =IFERROR(N55/M55,0) -> 1.1931764 | P55: =IF(O55>=89.5%,90%,0%) -> 0.9 | Q55: 5160069.9 | R55: =VLOOKUP(B55,'Dealer Wise'!B10:F130,5,0) -> 5741804.7 | S55: =IFERROR(R55/Q55,0) -> 1.1127378 | T55: =IF(S55>=89.5%,90%,0%) -> 0.9 | U55: =E55+I55+M55+Q55 -> 20656281 | V55: =F55+J55+N55+R55 -> 18739852 | W55: =IFERROR(V55/U55,0) -> 0.90722298 | X55: =U55-V55 -> 1916428.1 | Y55: =X55/Y$2 -> 1916428.1
A56: 52 | B56: Biponon Communications | C56: Chittagong | D56: Cox's Bazar | E56: 4806555.1 | F56: 3852619.5 | G56: =IFERROR(F56/E56,0) -> 0.80153445 | H56: =IF(G56>=89.5%,90%,0%) -> 0 | I56: 5312456.9 | J56: 4262360.3 | K56: =IFERROR(J56/I56,0) -> 0.80233315 | L56: =IF(K56>=89.5%,90%,0%) -> 0 | M56: 3752374.5 | N56: 3629238.9 | O56: =IFERROR(N56/M56,0) -> 0.96718461 | P56: =IF(O56>=89.5%,90%,0%) -> 0.9 | Q56: 4620797.1 | R56: =VLOOKUP(B56,'Dealer Wise'!B11:F131,5,0) -> 3832774.4 | S56: =IFERROR(R56/Q56,0) -> 0.82946174 | T56: =IF(S56>=89.5%,90%,0%) -> 0 | U56: =E56+I56+M56+Q56 -> 18492184 | V56: =F56+J56+N56+R56 -> 15576993 | W56: =IFERROR(V56/U56,0) -> 0.84235553 | X56: =U56-V56 -> 2915190.6 | Y56: =X56/Y$2 -> 2915190.6
A57: 53 | B57: Mobile Heaven | C57: Chittagong | D57: Cox's Bazar | E57: 3124089.8 | F57: 2518630.5 | G57: =IFERROR(F57/E57,0) -> 0.80619657 | H57: =IF(G57>=89.5%,90%,0%) -> 0 | I57: 3512839.9 | J57: 2824038.9 | K57: =IFERROR(J57/I57,0) -> 0.80391904 | L57: =IF(K57>=89.5%,90%,0%) -> 0 | M57: 3340524.9 | N57: 3769854 | O57: =IFERROR(N57/M57,0) -> 1.1285214 | P57: =IF(O57>=89.5%,90%,0%) -> 0.9 | Q57: 3762607.8 | R57: =VLOOKUP(B57,'Dealer Wise'!B12:F132,5,0) -> 2898481.4 | S57: =IFERROR(R57/Q57,0) -> 0.77033844 | T57: =IF(S57>=89.5%,90%,0%) -> 0 | U57: =E57+I57+M57+Q57 -> 13740062 | V57: =F57+J57+N57+R57 -> 12011005 | W57: =IFERROR(V57/U57,0) -> 0.87415941 | X57: =U57-V57 -> 1729057.6 | Y57: =X57/Y$2 -> 1729057.6
A58: 54 | B58: Mobile Village | C58: Chittagong | D58: Cox's Bazar | E58: 1721934.8 | F58: 1828311.5 | G58: =IFERROR(F58/E58,0) -> 1.0617774 | H58: =IF(G58>=89.5%,90%,0%) -> 0.9 | I58: 1953766.2 | J58: 2453127.4 | K58: =IFERROR(J58/I58,0) -> 1.255589 | L58: =IF(K58>=89.5%,90%,0%) -> 0.9 | M58: 1600779.8 | N58: 1922377.6 | O58: =IFERROR(N58/M58,0) -> 1.2009007 | P58: =IF(O58>=89.5%,90%,0%) -> 0.9 | Q58: 1982227.1 | R58: =VLOOKUP(B58,'Dealer Wise'!B13:F133,5,0) -> 3127122.8 | S58: =IFERROR(R58/Q58,0) -> 1.5775805 | T58: =IF(S58>=89.5%,90%,0%) -> 0.9 | U58: =E58+I58+M58+Q58 -> 7258708 | V58: =F58+J58+N58+R58 -> 9330939.3 | W58: =IFERROR(V58/U58,0) -> 1.2854821 | X58: =U58-V58 -> -2072231.3 | Y58: =X58/Y$2 -> -2072231.3
A59: 55 | B59: Mobile Zone,Patia | C59: Chittagong | D59: Chattogram | E59: 3466322.8 | F59: 2788205.2 | G59: =IFERROR(F59/E59,0) -> 0.80436977 | H59: =IF(G59>=89.5%,90%,0%) -> 0 | I59: 3656949.4 | J59: 3172784.2 | K59: =IFERROR(J59/I59,0) -> 0.8676041 | L59: =IF(K59>=89.5%,90%,0%) -> 0 | M59: 3216380 | N59: 2732315.4 | O59: =IFERROR(N59/M59,0) -> 0.84950018 | P59: =IF(O59>=89.5%,90%,0%) -> 0 | Q59: 3633430.8 | R59: =VLOOKUP(B59,'Dealer Wise'!B14:F134,5,0) -> 4589265.1 | S59: =IFERROR(R59/Q59,0) -> 1.2630666 | T59: =IF(S59>=89.5%,90%,0%) -> 0.9 | U59: =E59+I59+M59+Q59 -> 13973083 | V59: =F59+J59+N59+R59 -> 13282570 | W59: =IFERROR(V59/U59,0) -> 0.95058263 | X59: =U59-V59 -> 690512.99 | Y59: =X59/Y$2 -> 690512.99
A60: 56 | B60: Prime Mobile Center | C60: Chittagong | D60: Cox's Bazar | E60: 4030988.9 | F60: 3229029.6 | G60: =IFERROR(F60/E60,0) -> 0.80105147 | H60: =IF(G60>=89.5%,90%,0%) -> 0 | I60: 4804646.4 | J60: 2331531.2 | K60: =IFERROR(J60/I60,0) -> 0.48526594 | L60: =IF(K60>=89.5%,90%,0%) -> 0 | M60: 3213800.6 | N60: 3876470.3 | O60: =IFERROR(N60/M60,0) -> 1.206195 | P60: =IF(O60>=89.5%,90%,0%) -> 0.9 | Q60: 3893913.4 | R60: =VLOOKUP(B60,'Dealer Wise'!B15:F135,5,0) -> 4719938.9 | S60: =IFERROR(R60/Q60,0) -> 1.2121325 | T60: =IF(S60>=89.5%,90%,0%) -> 0.9 | U60: =E60+I60+M60+Q60 -> 15943349 | V60: =F60+J60+N60+R60 -> 14156970 | W60: =IFERROR(V60/U60,0) -> 0.88795458 | X60: =U60-V60 -> 1786379.2 | Y60: =X60/Y$2 -> 1786379.2
A61: 57 | B61: Shifa Enterprise | C61: Chittagong | D61: Cox's Bazar | E61: 9500656.8 | F61: 7611444.9 | G61: =IFERROR(F61/E61,0) -> 0.80114934 | H61: =IF(G61>=89.5%,90%,0%) -> 0 | I61: 7500816.1 | J61: 8070263.3 | K61: =IFERROR(J61/I61,0) -> 1.075918 | L61: =IF(K61>=89.5%,90%,0%) -> 0.9 | M61: 7112462 | N61: 9128349.6 | O61: =IFERROR(N61/M61,0) -> 1.2834304 | P61: =IF(O61>=89.5%,90%,0%) -> 0.9 | Q61: 8020077.8 | R61: =VLOOKUP(B61,'Dealer Wise'!B16:F136,5,0) -> 8956111.3 | S61: =IFERROR(R61/Q61,0) -> 1.1167113 | T61: =IF(S61>=89.5%,90%,0%) -> 0.9 | U61: =E61+I61+M61+Q61 -> 32134013 | V61: =F61+J61+N61+R61 -> 33766169 | W61: =IFERROR(V61/U61,0) -> 1.0507922 | X61: =U61-V61 -> -1632156.5 | Y61: =X61/Y$2 -> -1632156.5
A62: 58 | B62: Salim Telecom & Electronics | C62: Sylhet | D62: Noakhali | E62: 10569254 | F62: 8477035.2 | G62: =IFERROR(F62/E62,0) -> 0.80204667 | H62: =IF(G62>=89.5%,90%,0%) -> 0 | I62: 10278159 | J62: 5171217.2 | K62: =IFERROR(J62/I62,0) -> 0.5031268 | L62: =IF(K62>=89.5%,90%,0%) -> 0 | M62: 8840592.1 | N62: 8948505.3 | O62: =IFERROR(N62/M62,0) -> 1.0122066 | P62: =IF(O62>=89.5%,90%,0%) -> 0.9 | Q62: 8842407.7 | R62: =VLOOKUP(B62,'Dealer Wise'!B61:F181,5,0) -> 12055304 | S62: =IFERROR(R62/Q62,0) -> 1.3633508 | T62: =IF(S62>=89.5%,90%,0%) -> 0.9 | U62: =E62+I62+M62+Q62 -> 38530413 | V62: =F62+J62+N62+R62 -> 34652062 | W62: =IFERROR(V62/U62,0) -> 0.89934312 | X62: =U62-V62 -> 3878351.2 | Y62: =X62/Y$2 -> 3878351.2
A63: 59 | B63: Mobile Shop | C63: Sylhet | D63: Noakhali | E63: 10216375 | F63: 8181506 | G63: =IFERROR(F63/E63,0) -> 0.80082278 | H63: =IF(G63>=89.5%,90%,0%) -> 0 | I63: 10994421 | J63: 10999730 | K63: =IFERROR(J63/I63,0) -> 1.0004829 | L63: =IF(K63>=89.5%,90%,0%) -> 0.9 | M63: 8911727.9 | N63: 2699819.8 | O63: =IFERROR(N63/M63,0) -> 0.30295133 | P63: =IF(O63>=89.5%,90%,0%) -> 0 | Q63: 10528318 | R63: =VLOOKUP(B63,'Dealer Wise'!B62:F182,5,0) -> 12519044 | S63: =IFERROR(R63/Q63,0) -> 1.189083 | T63: =IF(S63>=89.5%,90%,0%) -> 0.9 | U63: =E63+I63+M63+Q63 -> 40650842 | V63: =F63+J63+N63+R63 -> 34400100 | W63: =IFERROR(V63/U63,0) -> 0.84623338 | X63: =U63-V63 -> 6250742.6 | Y63: =X63/Y$2 -> 6250742.6
A64: 60 | B64: Dhaka Telecom | C64: Sylhet | D64: Noakhali | E64: 7480443.2 | F64: 6009764.4 | G64: =IFERROR(F64/E64,0) -> 0.80339683 | H64: =IF(G64>=89.5%,90%,0%) -> 0 | I64: 8403601.9 | J64: 4064551.7 | K64: =IFERROR(J64/I64,0) -> 0.48366781 | L64: =IF(K64>=89.5%,90%,0%) -> 0 | M64: 4460684.9 | N64: 4095422.6 | O64: =IFERROR(N64/M64,0) -> 0.9181152 | P64: =IF(O64>=89.5%,90%,0%) -> 0.9 | Q64: 7381535.7 | R64: =VLOOKUP(B64,'Dealer Wise'!B63:F183,5,0) -> 9351943.1 | S64: =IFERROR(R64/Q64,0) -> 1.2669373 | T64: =IF(S64>=89.5%,90%,0%) -> 0.9 | U64: =E64+I64+M64+Q64 -> 27726266 | V64: =F64+J64+N64+R64 -> 23521682 | W64: =IFERROR(V64/U64,0) -> 0.84835376 | X64: =U64-V64 -> 4204583.9 | Y64: =X64/Y$2 -> 4204583.9
A65: 61 | B65: Himel Mobile Center | C65: Sylhet | D65: Noakhali | E65: 3082520.2 | F65: 2492987.7 | G65: =IFERROR(F65/E65,0) -> 0.80874983 | H65: =IF(G65>=89.5%,90%,0%) -> 0 | I65: 3435073.1 | J65: 951165.69 | K65: =IFERROR(J65/I65,0) -> 0.27689824 | L65: =IF(K65>=89.5%,90%,0%) -> 0 | M65: 2182594.3 | N65: 2393703.2 | O65: =IFERROR(N65/M65,0) -> 1.0967238 | P65: =IF(O65>=89.5%,90%,0%) -> 0.9 | Q65: 3097629.7 | R65: =VLOOKUP(B65,'Dealer Wise'!B64:F184,5,0) -> 3839155.8 | S65: =IFERROR(R65/Q65,0) -> 1.239385 | T65: =IF(S65>=89.5%,90%,0%) -> 0.9 | U65: =E65+I65+M65+Q65 -> 11797817 | V65: =F65+J65+N65+R65 -> 9677012.4 | W65: =IFERROR(V65/U65,0) -> 0.82023752 | X65: =U65-V65 -> 2120804.9 | Y65: =X65/Y$2 -> 2120804.9
A66: 62 | B66: R.K Mobile Center | C66: Sylhet | D66: Noakhali | E66: 0 | F66: 0 | G66: =IFERROR(F66/E66,0) -> 0 | H66: =IF(G66>=89.5%,90%,0%) -> 0 | I66: 10231702 | J66: 10243129 | K66: =IFERROR(J66/I66,0) -> 1.0011168 | L66: =IF(K66>=89.5%,90%,0%) -> 0.9 | M66: 7334723.9 | N66: 9326930.3 | O66: =IFERROR(N66/M66,0) -> 1.271613 | P66: =IF(O66>=89.5%,90%,0%) -> 0.9 | Q66: 9511434.5 | R66: =VLOOKUP(B66,'Dealer Wise'!B65:F185,5,0) -> 16605875 | S66: =IFERROR(R66/Q66,0) -> 1.7458854 | T66: =IF(S66>=89.5%,90%,0%) -> 0.9 | U66: =E66+I66+M66+Q66 -> 27077860 | V66: =F66+J66+N66+R66 -> 36175934 | W66: =IFERROR(V66/U66,0) -> 1.3359968 | X66: =U66-V66 -> -9098073.7 | Y66: =X66/Y$2 -> -9098073.7
A67: 63 | B67: M Enterprise | C67: Sylhet | D67: Cumilla | E67: 5533360.3 | F67: 5588680.1 | G67: =IFERROR(F67/E67,0) -> 1.0099975 | H67: =IF(G67>=89.5%,90%,0%) -> 0.9 | I67: 6066997.4 | J67: 5247657.6 | K67: =IFERROR(J67/I67,0) -> 0.86495136 | L67: =IF(K67>=89.5%,90%,0%) -> 0 | M67: 6180744.1 | N67: 6560085.3 | O67: =IFERROR(N67/M67,0) -> 1.0613747 | P67: =IF(O67>=89.5%,90%,0%) -> 0.9 | Q67: 6338805.8 | R67: =VLOOKUP(B67,'Dealer Wise'!B66:F186,5,0) -> 8553492.4 | S67: =IFERROR(R67/Q67,0) -> 1.3493855 | T67: =IF(S67>=89.5%,90%,0%) -> 0.9 | U67: =E67+I67+M67+Q67 -> 24119908 | V67: =F67+J67+N67+R67 -> 25949915 | W67: =IFERROR(V67/U67,0) -> 1.0758713 | X67: =U67-V67 -> -1830007.8 | Y67: =X67/Y$2 -> -1830007.8
A68: 64 | B68: M/S. Murad Enterprise | C68: Sylhet | D68: B.Bari | E68: 4000247.9 | F68: 3302039.5 | G68: =IFERROR(F68/E68,0) -> 0.82545871 | H68: =IF(G68>=89.5%,90%,0%) -> 0 | I68: 4176367.5 | J68: 3371066.7 | K68: =IFERROR(J68/I68,0) -> 0.80717674 | L68: =IF(K68>=89.5%,90%,0%) -> 0 | M68: 2769322.1 | N68: 3262270.1 | O68: =IFERROR(N68/M68,0) -> 1.1780031 | P68: =IF(O68>=89.5%,90%,0%) -> 0.9 | Q68: 3958334.9 | R68: =VLOOKUP(B68,'Dealer Wise'!B67:F187,5,0) -> 5093097.9 | S68: =IFERROR(R68/Q68,0) -> 1.2866768 | T68: =IF(S68>=89.5%,90%,0%) -> 0.9 | U68: =E68+I68+M68+Q68 -> 14904272 | V68: =F68+J68+N68+R68 -> 15028474 | W68: =IFERROR(V68/U68,0) -> 1.0083333 | X68: =U68-V68 -> -124201.73 | Y68: =X68/Y$2 -> -124201.73
A69: 65 | B69: Nashua Associate | C69: Sylhet | D69: Cumilla | E69: 12450788 | F69: 11001955 | G69: =IFERROR(F69/E69,0) -> 0.8836352 | H69: =IF(G69>=89.5%,90%,0%) -> 0 | I69: 13556080 | J69: 10889566 | K69: =IFERROR(J69/I69,0) -> 0.80329759 | L69: =IF(K69>=89.5%,90%,0%) -> 0 | M69: 10738144 | N69: 8797404.4 | O69: =IFERROR(N69/M69,0) -> 0.81926679 | P69: =IF(O69>=89.5%,90%,0%) -> 0 | Q69: 13205733 | R69: =VLOOKUP(B69,'Dealer Wise'!B68:F188,5,0) -> 16583791 | S69: =IFERROR(R69/Q69,0) -> 1.2558024 | T69: =IF(S69>=89.5%,90%,0%) -> 0.9 | U69: =E69+I69+M69+Q69 -> 49950745 | V69: =F69+J69+N69+R69 -> 47272716 | W69: =IFERROR(V69/U69,0) -> 0.94638661 | X69: =U69-V69 -> 2678028.6 | Y69: =X69/Y$2 -> 2678028.6
A70: 66 | B70: Sarker Telecom | C70: Sylhet | D70: B.Bari | E70: 9356189.1 | F70: 3583248.2 | G70: =IFERROR(F70/E70,0) -> 0.38298159 | H70: =IF(G70>=89.5%,90%,0%) -> 0 | I70: 9088221.7 | J70: 7365942.4 | K70: =IFERROR(J70/I70,0) -> 0.81049325 | L70: =IF(K70>=89.5%,90%,0%) -> 0 | M70: 6468355.9 | N70: 7589697.2 | O70: =IFERROR(N70/M70,0) -> 1.173358 | P70: =IF(O70>=89.5%,90%,0%) -> 0.9 | Q70: 7689568.6 | R70: =VLOOKUP(B70,'Dealer Wise'!B69:F189,5,0) -> 9332016.1 | S70: =IFERROR(R70/Q70,0) -> 1.2135942 | T70: =IF(S70>=89.5%,90%,0%) -> 0.9 | U70: =E70+I70+M70+Q70 -> 32602335 | V70: =F70+J70+N70+R70 -> 27870904 | W70: =IFERROR(V70/U70,0) -> 0.85487446 | X70: =U70-V70 -> 4731431.4 | Y70: =X70/Y$2 -> 4731431.4
A71: 67 | B71: New Era Telecom | C71: Sylhet | D71: Sylhet | E71: 7292173.6 | F71: 5878021 | G71: =IFERROR(F71/E71,0) -> 0.80607256 | H71: =IF(G71>=89.5%,90%,0%) -> 0 | I71: 7975294.2 | J71: 5371843.8 | K71: =IFERROR(J71/I71,0) -> 0.67356058 | L71: =IF(K71>=89.5%,90%,0%) -> 0 | M71: 6095446 | N71: 2883954.4 | O71: =IFERROR(N71/M71,0) -> 0.47313262 | P71: =IF(O71>=89.5%,90%,0%) -> 0 | Q71: 7507684.6 | R71: =VLOOKUP(B71,'Dealer Wise'!B70:F190,5,0) -> 8513565.8 | S71: =IFERROR(R71/Q71,0) -> 1.1339802 | T71: =IF(S71>=89.5%,90%,0%) -> 0.9 | U71: =E71+I71+M71+Q71 -> 28870598 | V71: =F71+J71+N71+R71 -> 22647385 | W71: =IFERROR(V71/U71,0) -> 0.7844446 | X71: =U71-V71 -> 6223213.4 | Y71: =X71/Y$2 -> 6223213.4
A72: 68 | B72: Zeshan Telecom | C72: Sylhet | D72: Sylhet | E72: 9070535.4 | F72: 8309830.2 | G72: =IFERROR(F72/E72,0) -> 0.91613448 | H72: =IF(G72>=89.5%,90%,0%) -> 0.9 | I72: 8219952.7 | J72: 8294755.8 | K72: =IFERROR(J72/I72,0) -> 1.0091002 | L72: =IF(K72>=89.5%,90%,0%) -> 0.9 | M72: 6902841.9 | N72: 6941724.6 | O72: =IFERROR(N72/M72,0) -> 1.0056329 | P72: =IF(O72>=89.5%,90%,0%) -> 0.9 | Q72: 8497477.3 | R72: =VLOOKUP(B72,'Dealer Wise'!B71:F191,5,0) -> 11673015 | S72: =IFERROR(R72/Q72,0) -> 1.3737036 | T72: =IF(S72>=89.5%,90%,0%) -> 0.9 | U72: =E72+I72+M72+Q72 -> 32690807 | V72: =F72+J72+N72+R72 -> 35219326 | W72: =IFERROR(V72/U72,0) -> 1.0773465 | X72: =U72-V72 -> -2528518.2 | Y72: =X72/Y$2 -> -2528518.2
A73: 69 | B73: Gopa Telecom | C73: Sylhet | D73: Sylhet | E73: 9547515.1 | F73: 8723874.6 | G73: =IFERROR(F73/E73,0) -> 0.91373247 | H73: =IF(G73>=89.5%,90%,0%) -> 0.9 | I73: 9476878.7 | J73: 7604735.5 | K73: =IFERROR(J73/I73,0) -> 0.80245149 | L73: =IF(K73>=89.5%,90%,0%) -> 0 | M73: 6601351.7 | N73: 11970580 | O73: =IFERROR(N73/M73,0) -> 1.8133528 | P73: =IF(O73>=89.5%,90%,0%) -> 0.9 | Q73: 11311714 | R73: =VLOOKUP(B73,'Dealer Wise'!B72:F192,5,0) -> 14322381 | S73: =IFERROR(R73/Q73,0) -> 1.2661548 | T73: =IF(S73>=89.5%,90%,0%) -> 0.9 | U73: =E73+I73+M73+Q73 -> 36937459 | V73: =F73+J73+N73+R73 -> 42621570 | W73: =IFERROR(V73/U73,0) -> 1.1538847 | X73: =U73-V73 -> -5684111.2 | Y73: =X73/Y$2 -> -5684111.2
... A84: 80 | B84: Tulip-2 | C84: Rajshahi | D84: Rajshahi | E84: 4694125 | F84: 3836154.1 | G84: =IFERROR(F84/E84,0) -> 0.81722451 | H84: =IF(G84>=89.5%,90%,0%) -> 0 | I84: 4977954.4 | J84: 1713074 | K84: =IFERROR(J84/I84,0) -> 0.34413212 | L84: =IF(K84>=89.5%,90%,0%) -> 0 | M84: 2468755.7 | N84: 3488793.2 | O84: =IFERROR(N84/M84,0) -> 1.4131788 | P84: =IF(O84>=89.5%,90%,0%) -> 0.9 | Q84: 3343220.3 | R84: =VLOOKUP(B84,'Dealer Wise'!B83:F203,5,0) -> 5940975.9 | S84: =IFERROR(R84/Q84,0) -> 1.777022 | T84: =IF(S84>=89.5%,90%,0%) -> 0.9 | U84: =E84+I84+M84+Q84 -> 15484055 | V84: =F84+J84+N84+R84 -> 14978997 | W84: =IFERROR(V84/U84,0) -> 0.96738204 | X84: =U84-V84 -> 505058.23 | Y84: =X84/Y$2 -> 505058.23
A85: 81 | B85: Haque Enterprise | C85: Rajshahi | D85: Naogaon | E85: 5750959.8 | F85: 5798234.9 | G85: =IFERROR(F85/E85,0) -> 1.0082204 | H85: =IF(G85>=89.5%,90%,0%) -> 0.9 | I85: 5532686 | J85: 6087427.7 | K85: =IFERROR(J85/I85,0) -> 1.1002662 | L85: =IF(K85>=89.5%,90%,0%) -> 0.9 | M85: 5803324.9 | N85: 5581731.5 | O85: =IFERROR(N85/M85,0) -> 0.96181613 | P85: =IF(O85>=89.5%,90%,0%) -> 0.9 | Q85: 5756193.3 | R85: =VLOOKUP(B85,'Dealer Wise'!B57:F177,5,0) -> 8490164 | S85: =IFERROR(R85/Q85,0) -> 1.4749616 | T85: =IF(S85>=89.5%,90%,0%) -> 0.9 | U85: =E85+I85+M85+Q85 -> 22843164 | V85: =F85+J85+N85+R85 -> 25957558 | W85: =IFERROR(V85/U85,0) -> 1.1363381 | X85: =U85-V85 -> -3114394.1 | Y85: =X85/Y$2 -> -3114394.1
A86: 82 | B86: Hello Rajshahi | C86: Rajshahi | D86: Rajshahi | E86: 6983287.4 | F86: 4571340.5 | G86: =IFERROR(F86/E86,0) -> 0.65461153 | H86: =IF(G86>=89.5%,90%,0%) -> 0 | I86: 7908636.3 | J86: 7209763.5 | K86: =IFERROR(J86/I86,0) -> 0.9116317 | L86: =IF(K86>=89.5%,90%,0%) -> 0.9 | M86: 8009184.6 | N86: 11149940 | O86: =IFERROR(N86/M86,0) -> 1.3921442 | P86: =IF(O86>=89.5%,90%,0%) -> 0.9 | Q86: 8575549.3 | R86: =VLOOKUP(B86,'Dealer Wise'!B58:F178,5,0) -> 11146553 | S86: =IFERROR(R86/Q86,0) -> 1.2998063 | T86: =IF(S86>=89.5%,90%,0%) -> 0.9 | U86: =E86+I86+M86+Q86 -> 31476658 | V86: =F86+J86+N86+R86 -> 34077597 | W86: =IFERROR(V86/U86,0) -> 1.0826307 | X86: =U86-V86 -> -2600939.4 | Y86: =X86/Y$2 -> -2600939.4
A87: 83 | B87: Mugdho Corporation | C87: Rajshahi | D87: Rajshahi | E87: 10185624 | F87: 9410249.8 | G87: =IFERROR(F87/E87,0) -> 0.92387562 | H87: =IF(G87>=89.5%,90%,0%) -> 0.9 | I87: 10399709 | J87: 9568926.6 | K87: =IFERROR(J87/I87,0) -> 0.92011488 | L87: =IF(K87>=89.5%,90%,0%) -> 0.9 | M87: 8461884 | N87: 11678404 | O87: =IFERROR(N87/M87,0) -> 1.3801187 | P87: =IF(O87>=89.5%,90%,0%) -> 0.9 | Q87: 9955017.6 | R87: =VLOOKUP(B87,'Dealer Wise'!B59:F179,5,0) -> 14151731 | S87: =IFERROR(R87/Q87,0) -> 1.4215677 | T87: =IF(S87>=89.5%,90%,0%) -> 0.9 | U87: =E87+I87+M87+Q87 -> 39002234 | V87: =F87+J87+N87+R87 -> 44809312 | W87: =IFERROR(V87/U87,0) -> 1.1488909 | X87: =U87-V87 -> -5807077.4 | Y87: =X87/Y$2 -> -5807077.4
A88: 84 | B88: Prithibi Corporation | C88: Rajshahi | D88: Rajshahi | E88: 2543268.1 | F88: 2324480.1 | G88: =IFERROR(F88/E88,0) -> 0.91397369 | H88: =IF(G88>=89.5%,90%,0%) -> 0.9 | I88: 2465946.8 | J88: 2257333 | K88: =IFERROR(J88/I88,0) -> 0.91540214 | L88: =IF(K88>=89.5%,90%,0%) -> 0.9 | M88: 2192916.1 | N88: 2688232.5 | O88: =IFERROR(N88/M88,0) -> 1.2258711 | P88: =IF(O88>=89.5%,90%,0%) -> 0.9 | Q88: 2855571.3 | R88: =VLOOKUP(B88,'Dealer Wise'!B60:F180,5,0) -> 3209744 | S88: =IFERROR(R88/Q88,0) -> 1.1240287 | T88: =IF(S88>=89.5%,90%,0%) -> 0.9 | U88: =E88+I88+M88+Q88 -> 10057702 | V88: =F88+J88+N88+R88 -> 10479790 | W88: =IFERROR(V88/U88,0) -> 1.0419666 | X88: =U88-V88 -> -422087.37 | Y88: =X88/Y$2 -> -422087.37
A89: 85 | B89: M/S. Nodi Nishat Enterprise | C89: Rangpur | D89: Dinajpur | E89: 6600830.4 | F89: 7528246.3 | G89: =IFERROR(F89/E89,0) -> 1.1404999 | H89: =IF(G89>=89.5%,90%,0%) -> 0.9 | I89: 7071733.5 | J89: 6430284 | K89: =IFERROR(J89/I89,0) -> 0.90929388 | L89: =IF(K89>=89.5%,90%,0%) -> 0.9 | M89: 6627918.7 | N89: 7796349.4 | O89: =IFERROR(N89/M89,0) -> 1.1762892 | P89: =IF(O89>=89.5%,90%,0%) -> 0.9 | Q89: 7298329.5 | R89: =VLOOKUP(B89,'Dealer Wise'!B88:F208,5,0) -> 11127925 | S89: =IFERROR(R89/Q89,0) -> 1.5247222 | T89: =IF(S89>=89.5%,90%,0%) -> 0.9 | U89: =E89+I89+M89+Q89 -> 27598812 | V89: =F89+J89+N89+R89 -> 32882805 | W89: =IFERROR(V89/U89,0) -> 1.1914573 | X89: =U89-V89 -> -5283992.7 | Y89: =X89/Y$2 -> -5283992.7
A90: 86 | B90: M/S. Sky Tel | C90: Rangpur | D90: Dinajpur | E90: 12611327 | F90: 14739572 | G90: =IFERROR(F90/E90,0) -> 1.1687567 | H90: =IF(G90>=89.5%,90%,0%) -> 0.9 | I90: 11921285 | J90: 10854118 | K90: =IFERROR(J90/I90,0) -> 0.91048221 | L90: =IF(K90>=89.5%,90%,0%) -> 0.9 | M90: 10985576 | N90: 12253120 | O90: =IFERROR(N90/M90,0) -> 1.1153826 | P90: =IF(O90>=89.5%,90%,0%) -> 0.9 | Q90: 12513001 | R90: =VLOOKUP(B90,'Dealer Wise'!B89:F209,5,0) -> 25357559 | S90: =IFERROR(R90/Q90,0) -> 2.026497 | T90: =IF(S90>=89.5%,90%,0%) -> 0.9 | U90: =E90+I90+M90+Q90 -> 48031188 | V90: =F90+J90+N90+R90 -> 63204369 | W90: =IFERROR(V90/U90,0) -> 1.3159027 | X90: =U90-V90 -> -15173181 | Y90: =X90/Y$2 -> -15173181
A91: 87 | B91: Pacific Electronics | C91: Rangpur | D91: Gaibandha | E91: 6779861.1 | F91: 7182660.9 | G91: =IFERROR(F91/E91,0) -> 1.0594112 | H91: =IF(G91>=89.5%,90%,0%) -> 0.9 | I91: 9030809.8 | J91: 7236792.3 | K91: =IFERROR(J91/I91,0) -> 0.80134478 | L91: =IF(K91>=89.5%,90%,0%) -> 0 | M91: 9551512.2 | N91: 10097929 | O91: =IFERROR(N91/M91,0) -> 1.0572074 | P91: =IF(O91>=89.5%,90%,0%) -> 0.9 | Q91: 9009432.4 | R91: =VLOOKUP(B91,'Dealer Wise'!B90:F210,5,0) -> 11184281 | S91: =IFERROR(R91/Q91,0) -> 1.2413969 | T91: =IF(S91>=89.5%,90%,0%) -> 0.9 | U91: =E91+I91+M91+Q91 -> 34371615 | V91: =F91+J91+N91+R91 -> 35701663 | W91: =IFERROR(V91/U91,0) -> 1.0386961 | X91: =U91-V91 -> -1330047.9 | Y91: =X91/Y$2 -> -1330047.9
A92: 88 | B92: Pacific Electronics – 2 | C92: Rangpur | D92: Gaibandha | E92: 5900595.9 | F92: 6188663.9 | G92: =IFERROR(F92/E92,0) -> 1.0488202 | H92: =IF(G92>=89.5%,90%,0%) -> 0.9 | I92: 7499992.3 | J92: 6039616.2 | K92: =IFERROR(J92/I92,0) -> 0.80528299 | L92: =IF(K92>=89.5%,90%,0%) -> 0 | M92: 6898554.4 | N92: 6973312 | O92: =IFERROR(N92/M92,0) -> 1.0108367 | P92: =IF(O92>=89.5%,90%,0%) -> 0.9 | Q92: 7630509 | R92: =VLOOKUP(B92,'Dealer Wise'!B91:F211,5,0) -> 9028737.6 | S92: =IFERROR(R92/Q92,0) -> 1.1832419 | T92: =IF(S92>=89.5%,90%,0%) -> 0.9 | U92: =E92+I92+M92+Q92 -> 27929652 | V92: =F92+J92+N92+R92 -> 28230330 | W92: =IFERROR(V92/U92,0) -> 1.0107656 | X92: =U92-V92 -> -300678.24 | Y92: =X92/Y$2 -> -300678.24
A93: 89 | B93: Tarek & Brothers | C93: Rangpur | D93: Dinajpur | E93: 14323371 | F93: 13394266 | G93: =IFERROR(F93/E93,0) -> 0.93513361 | H93: =IF(G93>=89.5%,90%,0%) -> 0.9 | I93: 14684330 | J93: 14693579 | K93: =IFERROR(J93/I93,0) -> 1.0006299 | L93: =IF(K93>=89.5%,90%,0%) -> 0.9 | M93: 19911961 | N93: 23632300 | O93: =IFERROR(N93/M93,0) -> 1.1868394 | P93: =IF(O93>=89.5%,90%,0%) -> 0.9 | Q93: 18375530 | R93: =VLOOKUP(B93,'Dealer Wise'!B92:F212,5,0) -> 27468906 | S93: =IFERROR(R93/Q93,0) -> 1.4948633 | T93: =IF(S93>=89.5%,90%,0%) -> 0.9 | U93: =E93+I93+M93+Q93 -> 67295192 | V93: =F93+J93+N93+R93 -> 79189051 | W93: =IFERROR(V93/U93,0) -> 1.1767416 | X93: =U93-V93 -> -11893858 | Y93: =X93/Y$2 -> -11893858
A94: 90 | B94: Paul Telecom | C94: Rangpur | D94: Rangpur | E94: 2586013 | F94: 2367474.7 | G94: =IFERROR(F94/E94,0) -> 0.91549221 | H94: =IF(G94>=89.5%,90%,0%) -> 0.9 | I94: 2906631.4 | J94: 2643236.3 | K94: =IFERROR(J94/I94,0) -> 0.90938131 | L94: =IF(K94>=89.5%,90%,0%) -> 0.9 | M94: 2312994.1 | N94: 2986525.2 | O94: =IFERROR(N94/M94,0) -> 1.2911945 | P94: =IF(O94>=89.5%,90%,0%) -> 0.9 | Q94: 2775518.7 | R94: =VLOOKUP(B94,'Dealer Wise'!B93:F213,5,0) -> 5301443.9 | S94: =IFERROR(R94/Q94,0) -> 1.9100732 | T94: =IF(S94>=89.5%,90%,0%) -> 0.9 | U94: =E94+I94+M94+Q94 -> 10581157 | V94: =F94+J94+N94+R94 -> 13298680 | W94: =IFERROR(V94/U94,0) -> 1.2568266 | X94: =U94-V94 -> -2717522.9 | Y94: =X94/Y$2 -> -2717522.9
A95: 91 | B95: M/S. MM Trade Link | C95: Rangpur | D95: Lalmonirhat | E95: 0 | F95: 0 | G95: =IFERROR(F95/E95,0) -> 0 | H95: =IF(G95>=89.5%,90%,0%) -> 0 | I95: 0 | J95: 0 | K95: =IFERROR(J95/I95,0) -> 0 | L95: =IF(K95>=89.5%,90%,0%) -> 0 | M95: 6580263.3 | N95: 7309541.4 | O95: =IFERROR(N95/M95,0) -> 1.1108281 | P95: =IF(O95>=89.5%,90%,0%) -> 0.9 | Q95: 8424341.7 | R95: =VLOOKUP(B95,'Dealer Wise'!B94:F214,5,0) -> 12189845 | S95: =IFERROR(R95/Q95,0) -> 1.446979 | T95: =IF(S95>=89.5%,90%,0%) -> 0.9 | U95: =E95+I95+M95+Q95 -> 15004605 | V95: =F95+J95+N95+R95 -> 19499387 | W95: =IFERROR(V95/U95,0) -> 1.2995602 | X95: =U95-V95 -> -4494781.9 | Y95: =X95/Y$2 -> -4494781.9
A96: 92 | B96: Feroz Telecom | C96: Rangpur | D96: Lalmonirhat | E96: 9343031.9 | F96: 8511124.1 | G96: =IFERROR(F96/E96,0) -> 0.91095955 | H96: =IF(G96>=89.5%,90%,0%) -> 0.9 | I96: 9680405.6 | J96: 8796806.8 | K96: =IFERROR(J96/I96,0) -> 0.90872295 | L96: =IF(K96>=89.5%,90%,0%) -> 0.9 | M96: 11713136 | N96: 15392014 | O96: =IFERROR(N96/M96,0) -> 1.3140814 | P96: =IF(O96>=89.5%,90%,0%) -> 0.9 | Q96: 11117894 | R96: =VLOOKUP(B96,'Dealer Wise'!B68:F188,5,0) -> 15724975 | S96: =IFERROR(R96/Q96,0) -> 1.4143843 | T96: =IF(S96>=89.5%,90%,0%) -> 0.9 | U96: =E96+I96+M96+Q96 -> 41854468 | V96: =F96+J96+N96+R96 -> 48424921 | W96: =IFERROR(V96/U96,0) -> 1.1569833 | X96: =U96-V96 -> -6570452.9 | Y96: =X96/Y$2 -> -6570452.9
A97: 93 | B97: Missing link trade and distribution | C97: Rangpur | D97: Rangpur | E97: 10420071 | F97: 9067859.5 | G97: =IFERROR(F97/E97,0) -> 0.87023014 | H97: =IF(G97>=89.5%,90%,0%) -> 0 | I97: 11590299 | J97: 9303519.8 | K97: =IFERROR(J97/I97,0) -> 0.80269885 | L97: =IF(K97>=89.5%,90%,0%) -> 0 | M97: 7998763.4 | N97: 3150097.5 | O97: =IFERROR(N97/M97,0) -> 0.39382306 | P97: =IF(O97>=89.5%,90%,0%) -> 0 | Q97: 10230036 | R97: =VLOOKUP(B97,'Dealer Wise'!B96:F216,5,0) -> 14537614 | S97: =IFERROR(R97/Q97,0) -> 1.4210716 | T97: =IF(S97>=89.5%,90%,0%) -> 0.9 | U97: =E97+I97+M97+Q97 -> 40239170 | V97: =F97+J97+N97+R97 -> 36059091 | W97: =IFERROR(V97/U97,0) -> 0.89611915 | X97: =U97-V97 -> 4180078.9 | Y97: =X97/Y$2 -> 4180078.9
A98: 94 | B98: World Media | C98: Rangpur | D98: Rangpur | E98: 10907318 | F98: 11037395 | G98: =IFERROR(F98/E98,0) -> 1.0119257 | H98: =IF(G98>=89.5%,90%,0%) -> 0.9 | I98: 11058913 | J98: 11230261 | K98: =IFERROR(J98/I98,0) -> 1.0154941 | L98: =IF(K98>=89.5%,90%,0%) -> 0.9 | M98: 13472508 | N98: 18190241 | O98: =IFERROR(N98/M98,0) -> 1.3501748 | P98: =IF(O98>=89.5%,90%,0%) -> 0.9 | Q98: 12215133 | R98: =VLOOKUP(B98,'Dealer Wise'!B97:F217,5,0) -> 22469880 | S98: =IFERROR(R98/Q98,0) -> 1.8395117 | T98: =IF(S98>=89.5%,90%,0%) -> 0.9 | U98: =E98+I98+M98+Q98 -> 47653872 | V98: =F98+J98+N98+R98 -> 62927777 | W98: =IFERROR(V98/U98,0) -> 1.3205176 | X98: =U98-V98 -> -15273905 | Y98: =X98/Y$2 -> -15273905
A99: 95 | B99: Shahil Distribution | C99: Rangpur | D99: Thakurgaon | E99: 11320277 | F99: 10993983 | G99: =IFERROR(F99/E99,0) -> 0.97117611 | H99: =IF(G99>=89.5%,90%,0%) -> 0.9 | I99: 10699209 | J99: 8577749.8 | K99: =IFERROR(J99/I99,0) -> 0.8017181 | L99: =IF(K99>=89.5%,90%,0%) -> 0 | M99: 12266583 | N99: 13655366 | O99: =IFERROR(N99/M99,0) -> 1.1132168 | P99: =IF(O99>=89.5%,90%,0%) -> 0.9 | Q99: 13900063 | R99: =VLOOKUP(B99,'Dealer Wise'!B98:F218,5,0) -> 20530428 | S99: =IFERROR(R99/Q99,0) -> 1.4770025 | T99: =IF(S99>=89.5%,90%,0%) -> 0.9 | U99: =E99+I99+M99+Q99 -> 48186133 | V99: =F99+J99+N99+R99 -> 53757527 | W99: =IFERROR(V99/U99,0) -> 1.1156223 | X99: =U99-V99 -> -5571393.8 | Y99: =X99/Y$2 -> -5571393.8
A100: 96 | B100: Swaranika Enterprise | C100: Rangpur | D100: Thakurgaon | E100: 9088223.2 | F100: 8343516.6 | G100: =IFERROR(F100/E100,0) -> 0.91805806 | H100: =IF(G100>=89.5%,90%,0%) -> 0.9 | I100: 7373300.8 | J100: 4177784.5 | K100: =IFERROR(J100/I100,0) -> 0.5666098 | L100: =IF(K100>=89.5%,90%,0%) -> 0 | M100: 9285877.9 | N100: 11181424 | O100: =IFERROR(N100/M100,0) -> 1.2041321 | P100: =IF(O100>=89.5%,90%,0%) -> 0.9 | Q100: 9296244.8 | R100: =VLOOKUP(B100,'Dealer Wise'!B99:F219,5,0) -> 14835908 | S100: =IFERROR(R100/Q100,0) -> 1.5959033 | T100: =IF(S100>=89.5%,90%,0%) -> 0.9 | U100: =E100+I100+M100+Q100 -> 35043647 | V100: =F100+J100+N100+R100 -> 38538633 | W100: =IFERROR(V100/U100,0) -> 1.0997324 | X100: =U100-V100 -> -3494986.5 | Y100: =X100/Y$2 -> -3494986.5
A101: 97 | B101: A One Tel | C101: Barisal | D101: Barisal | E101: 11773879 | F101: 11794944 | G101: =IFERROR(F101/E101,0) -> 1.0017892 | H101: =IF(G101>=89.5%,90%,0%) -> 0.9 | I101: 10061535 | J101: 10076325 | K101: =IFERROR(J101/I101,0) -> 1.00147 | L101: =IF(K101>=89.5%,90%,0%) -> 0.9 | M101: 11027880 | N101: 11761801 | O101: =IFERROR(N101/M101,0) -> 1.0665515 | P101: =IF(O101>=89.5%,90%,0%) -> 0.9 | Q101: 13457269 | R101: =VLOOKUP(B101,'Dealer Wise'!B4:F124,5,0) -> 17424054 | S101: =IFERROR(R101/Q101,0) -> 1.294769 | T101: =IF(S101>=89.5%,90%,0%) -> 0.9 | U101: =E101+I101+M101+Q101 -> 46320562 | V101: =F101+J101+N101+R101 -> 51057125 | W101: =IFERROR(V101/U101,0) -> 1.1022562 | X101: =U101-V101 -> -4736562.9 | Y101: =X101/Y$2 -> -4736562.9
A102: 98 | B102: Click Mobile Corner | C102: Barisal | D102: Barisal | E102: 3753157.5 | F102: 3773675.3 | G102: =IFERROR(F102/E102,0) -> 1.0054668 | H102: =IF(G102>=89.5%,90%,0%) -> 0.9 | I102: 3350609.4 | J102: 3653248.3 | K102: =IFERROR(J102/I102,0) -> 1.0903235 | L102: =IF(K102>=89.5%,90%,0%) -> 0.9 | M102: 3497888.9 | N102: 5003494.6 | O102: =IFERROR(N102/M102,0) -> 1.4304327 | P102: =IF(O102>=89.5%,90%,0%) -> 0.9 | Q102: 4965941.2 | R102: =VLOOKUP(B102,'Dealer Wise'!B5:F125,5,0) -> 7148042.4 | S102: =IFERROR(R102/Q102,0) -> 1.4394134 | T102: =IF(S102>=89.5%,90%,0%) -> 0.9 | U102: =E102+I102+M102+Q102 -> 15567597 | V102: =F102+J102+N102+R102 -> 19578461 | W102: =IFERROR(V102/U102,0) -> 1.2576418 | X102: =U102-V102 -> -4010863.6 | Y102: =X102/Y$2 -> -4010863.6
A103: 99 | B103: M/S. Karachi Store | C103: Barisal | D103: Barisal | E103: 2523075.5 | F103: 2758195.4 | G103: =IFERROR(F103/E103,0) -> 1.0931878 | H103: =IF(G103>=89.5%,90%,0%) -> 0.9 | I103: 2047675.9 | J103: 2068954.9 | K103: =IFERROR(J103/I103,0) -> 1.0103918 | L103: =IF(K103>=89.5%,90%,0%) -> 0.9 | M103: 2596651.3 | N103: 2705075.6 | O103: =IFERROR(N103/M103,0) -> 1.0417554 | P103: =IF(O103>=89.5%,90%,0%) -> 0.9 | Q103: 2961100.5 | R103: =VLOOKUP(B103,'Dealer Wise'!B6:F126,5,0) -> 4508129.9 | S103: =IFERROR(R103/Q103,0) -> 1.5224508 | T103: =IF(S103>=89.5%,90%,0%) -> 0.9 | U103: =E103+I103+M103+Q103 -> 10128503 | V103: =F103+J103+N103+R103 -> 12040356 | W103: =IFERROR(V103/U103,0) -> 1.1887597 | X103: =U103-V103 -> -1911852.8 | Y103: =X103/Y$2 -> -1911852.8
A104: 100 | B104: My Fone | C104: Khulna | D104: Patuakhali | E104: 9465941.8 | F104: 8641557.5 | G104: =IFERROR(F104/E104,0) -> 0.91291048 | H104: =IF(G104>=89.5%,90%,0%) -> 0.9 | I104: 8184002.6 | J104: 9808770.6 | K104: =IFERROR(J104/I104,0) -> 1.1985298 | L104: =IF(K104>=89.5%,90%,0%) -> 0.9 | M104: 8618176.6 | N104: 13301831 | O104: =IFERROR(N104/M104,0) -> 1.5434624 | P104: =IF(O104>=89.5%,90%,0%) -> 0.9 | Q104: 11681019 | R104: =VLOOKUP(B104,'Dealer Wise'!B76:F196,5,0) -> 13752057 | S104: =IFERROR(R104/Q104,0) -> 1.1772995 | T104: =IF(S104>=89.5%,90%,0%) -> 0.9 | U104: =E104+I104+M104+Q104 -> 37949140 | V104: =F104+J104+N104+R104 -> 45504217 | W104: =IFERROR(V104/U104,0) -> 1.1990843 | X104: =U104-V104 -> -7555077 | Y104: =X104/Y$2 -> -7555077
A105: 101 | B105: Noor Electronics | C105: Khulna | D105: Patuakhali | E105: 10783538 | F105: 10799971 | G105: =IFERROR(F105/E105,0) -> 1.0015239 | H105: =IF(G105>=89.5%,90%,0%) -> 0.9 | I105: 9749010.2 | J105: 11130422 | K105: =IFERROR(J105/I105,0) -> 1.1416976 | L105: =IF(K105>=89.5%,90%,0%) -> 0.9 | M105: 8801538.1 | N105: 15005796 | O105: =IFERROR(N105/M105,0) -> 1.7049061 | P105: =IF(O105>=89.5%,90%,0%) -> 0.9 | Q105: 11723959 | R105: =VLOOKUP(B105,'Dealer Wise'!B77:F197,5,0) -> 17037193 | S105: =IFERROR(R105/Q105,0) -> 1.4531945 | T105: =IF(S105>=89.5%,90%,0%) -> 0.9 | U105: =E105+I105+M105+Q105 -> 41058045 | V105: =F105+J105+N105+R105 -> 53973381 | W105: =IFERROR(V105/U105,0) -> 1.3145629 | X105: =U105-V105 -> -12915336 | Y105: =X105/Y$2 -> -12915336
A106: 102 | B106: Zaman Electronics | C106: Khulna | D106: Patuakhali | E106: 4885046.5 | F106: 4009967.4 | G106: =IFERROR(F106/E106,0) -> 0.82086576 | H106: =IF(G106>=89.5%,90%,0%) -> 0 | I106: 4215458.6 | J106: 2742653 | K106: =IFERROR(J106/I106,0) -> 0.65061794 | L106: =IF(K106>=89.5%,90%,0%) -> 0 | M106: 0 | N106: 0 | O106: =IFERROR(N106/M106,0) -> 0 | P106: =IF(O106>=89.5%,90%,0%) -> 0 | Q106: 0 | R106: 0 | S106: =IFERROR(R106/Q106,0) -> 0 | T106: =IF(S106>=89.5%,90%,0%) -> 0 | U106: =E106+I106+M106+Q106 -> 9100505.1 | V106: =F106+J106+N106+R106 -> 6752620.4 | W106: =IFERROR(V106/U106,0) -> 0.74200502 | X106: =U106-V106 -> 2347884.7 | Y106: =X106/Y$2 -> 2347884.7
A107: 103 | B107: M/S. Alif Telecom | C107: Khulna | D107: Patuakhali | E107: 0 | F107: 0 | G107: =IFERROR(F107/E107,0) -> 0 | H107: =IF(G107>=89.5%,90%,0%) -> 0 | I107: 0 | J107: 0 | K107: =IFERROR(J107/I107,0) -> 0 | L107: =IF(K107>=89.5%,90%,0%) -> 0 | M107: 4989531.3 | N107: 5600494.6 | O107: =IFERROR(N107/M107,0) -> 1.122449 | P107: =IF(O107>=89.5%,90%,0%) -> 0.9 | Q107: 5395051.4 | R107: =VLOOKUP(B107,'Dealer Wise'!B62:F182,5,0) -> 7325362.7 | S107: =IFERROR(R107/Q107,0) -> 1.3577929 | T107: =IF(S107>=89.5%,90%,0%) -> 0.9 | U107: =E107+I107+M107+Q107 -> 10384583 | V107: =F107+J107+N107+R107 -> 12925857 | W107: =IFERROR(V107/U107,0) -> 1.2447161 | X107: =U107-V107 -> -2541274.6 | Y107: =X107/Y$2 -> -2541274.6
A108: 104 | B108: Desh Link | C108: Barisal | D108: Faridpur | E108: 10334371 | F108: 10338931 | G108: =IFERROR(F108/E108,0) -> 1.0004412 | H108: =IF(G108>=89.5%,90%,0%) -> 0.9 | I108: 9036445 | J108: 9037525.8 | K108: =IFERROR(J108/I108,0) -> 1.0001196 | L108: =IF(K108>=89.5%,90%,0%) -> 0.9 | M108: 9303644.6 | N108: 12705608 | O108: =IFERROR(N108/M108,0) -> 1.3656592 | P108: =IF(O108>=89.5%,90%,0%) -> 0.9 | Q108: 10987773 | R108: =VLOOKUP(B108,'Dealer Wise'!B3:F123,5,0) -> 13459413 | S108: =IFERROR(R108/Q108,0) -> 1.2249445 | T108: =IF(S108>=89.5%,90%,0%) -> 0.9 | U108: =E108+I108+M108+Q108 -> 39662234 | V108: =F108+J108+N108+R108 -> 45541477 | W108: =IFERROR(V108/U108,0) -> 1.1482328 | X108: =U108-V108 -> -5879243.1 | Y108: =X108/Y$2 -> -5879243.1
A109: 105 | B109: M/S Saad Telecom | C109: Barisal | D109: Madaripur | E109: 5455375.9 | F109: 4367731.7 | G109: =IFERROR(F109/E109,0) -> 0.80062892 | H109: =IF(G109>=89.5%,90%,0%) -> 0 | I109: 5060804.9 | J109: 4353309.2 | K109: =IFERROR(J109/I109,0) -> 0.86020095 | L109: =IF(K109>=89.5%,90%,0%) -> 0 | M109: 4098915.5 | N109: 4552636.4 | O109: =IFERROR(N109/M109,0) -> 1.1106929 | P109: =IF(O109>=89.5%,90%,0%) -> 0.9 | Q109: 6192517.9 | R109: =VLOOKUP(B109,'Dealer Wise'!B4:F124,5,0) -> 6443733.5 | S109: =IFERROR(R109/Q109,0) -> 1.0405676 | T109: =IF(S109>=89.5%,90%,0%) -> 0.9 | U109: =E109+I109+M109+Q109 -> 20807614 | V109: =F109+J109+N109+R109 -> 19717411 | W109: =IFERROR(V109/U109,0) -> 0.94760556 | X109: =U109-V109 -> 1090203.3 | Y109: =X109/Y$2 -> 1090203.3
A110: 106 | B110: M/S. National Electronics | C110: Barisal | D110: Faridpur | E110: 7834492.4 | F110: 7138307.5 | G110: =IFERROR(F110/E110,0) -> 0.91113848 | H110: =IF(G110>=89.5%,90%,0%) -> 0.9 | I110: 7380709.2 | J110: 8050466.5 | K110: =IFERROR(J110/I110,0) -> 1.0907443 | L110: =IF(K110>=89.5%,90%,0%) -> 0.9 | M110: 6697663.9 | N110: 8982647.4 | O110: =IFERROR(N110/M110,0) -> 1.3411613 | P110: =IF(O110>=89.5%,90%,0%) -> 0.9 | Q110: 9078182.2 | R110: =VLOOKUP(B110,'Dealer Wise'!B5:F125,5,0) -> 11021130 | S110: =IFERROR(R110/Q110,0) -> 1.2140238 | T110: =IF(S110>=89.5%,90%,0%) -> 0.9 | U110: =E110+I110+M110+Q110 -> 30991048 | V110: =F110+J110+N110+R110 -> 35192551 | W110: =IFERROR(V110/U110,0) -> 1.1355715 | X110: =U110-V110 -> -4201503.2 | Y110: =X110/Y$2 -> -4201503.2
A111: 107 | B111: Toushi Mobile Showroom & Servicing | C111: Barisal | D111: Faridpur | E111: 3282403.1 | F111: 3321772.1 | G111: =IFERROR(F111/E111,0) -> 1.0119939 | H111: =IF(G111>=89.5%,90%,0%) -> 0.9 | I111: 2881846.8 | J111: 2977399.6 | K111: =IFERROR(J111/I111,0) -> 1.0331568 | L111: =IF(K111>=89.5%,90%,0%) -> 0.9 | M111: 3502857.7 | N111: 5017904.8 | O111: =IFERROR(N111/M111,0) -> 1.4325175 | P111: =IF(O111>=89.5%,90%,0%) -> 0.9 | Q111: 3767780.8 | R111: =VLOOKUP(B111,'Dealer Wise'!B6:F126,5,0) -> 4752464.9 | S111: =IFERROR(R111/Q111,0) -> 1.2613433 | T111: =IF(S111>=89.5%,90%,0%) -> 0.9 | U111: =E111+I111+M111+Q111 -> 13434888 | V111: =F111+J111+N111+R111 -> 16069541 | W111: =IFERROR(V111/U111,0) -> 1.1961053 | X111: =U111-V111 -> -2634653 | Y111: =X111/Y$2 -> -2634653
A112: 108 | B112: M/S. Rasel Enterprise | C112: Barisal | D112: Faridpur | E112: 5873083.2 | F112: 5358205 | G112: =IFERROR(F112/E112,0) -> 0.91233255 | H112: =IF(G112>=89.5%,90%,0%) -> 0.9 | I112: 5358329.6 | J112: 5380214.7 | K112: =IFERROR(J112/I112,0) -> 1.0040843 | L112: =IF(K112>=89.5%,90%,0%) -> 0.9 | M112: 5863687.3 | N112: 8004247.4 | O112: =IFERROR(N112/M112,0) -> 1.3650536 | P112: =IF(O112>=89.5%,90%,0%) -> 0.9 | Q112: 6758149.2 | R112: =VLOOKUP(B112,'Dealer Wise'!B7:F127,5,0) -> 8397885.5 | S112: =IFERROR(R112/Q112,0) -> 1.242631 | T112: =IF(S112>=89.5%,90%,0%) -> 0.9 | U112: =E112+I112+M112+Q112 -> 23853249 | V112: =F112+J112+N112+R112 -> 27140553 | W112: =IFERROR(V112/U112,0) -> 1.1378136 | X112: =U112-V112 -> -3287303.3 | Y112: =X112/Y$2 -> -3287303.3
A113: 109 | B113: M/S Faiz Enterprise | C113: Barisal | D113: Madaripur | E113: 4973521.9 | F113: 2790800 | G113: =IFERROR(F113/E113,0) -> 0.56113154 | H113: =IF(G113>=89.5%,90%,0%) -> 0 | I113: 4067724.2 | J113: 3504359.7 | K113: =IFERROR(J113/I113,0) -> 0.86150376 | L113: =IF(K113>=89.5%,90%,0%) -> 0 | M113: 3299087.2 | N113: 3297103.1 | O113: =IFERROR(N113/M113,0) -> 0.9993986 | P113: =IF(O113>=89.5%,90%,0%) -> 0.9 | Q113: 4063410.5 | R113: =VLOOKUP(B113,'Dealer Wise'!B4:F124,5,0) -> 5173323.5 | S113: =IFERROR(R113/Q113,0) -> 1.2731481 | T113: =IF(S113>=89.5%,90%,0%) -> 0.9 | U113: =E113+I113+M113+Q113 -> 16403744 | V113: =F113+J113+N113+R113 -> 14765586 | W113: =IFERROR(V113/U113,0) -> 0.90013515 | X113: =U113-V113 -> 1638157.4 | Y113: =X113/Y$2 -> 1638157.4
A114: 110 | B114: Mridha Telecom | C114: Barisal | D114: Madaripur | E114: 5366217.8 | F114: 4312192.2 | G114: =IFERROR(F114/E114,0) -> 0.8035813 | H114: =IF(G114>=89.5%,90%,0%) -> 0 | I114: 4951956.1 | J114: 3963854.4 | K114: =IFERROR(J114/I114,0) -> 0.80046235 | L114: =IF(K114>=89.5%,90%,0%) -> 0 | M114: 3897467.7 | N114: 6863908.8 | O114: =IFERROR(N114/M114,0) -> 1.7611201 | P114: =IF(O114>=89.5%,90%,0%) -> 0.9 | Q114: 5266744.5 | R114: =VLOOKUP(B114,'Dealer Wise'!B9:F129,5,0) -> 6113874.3 | S114: =IFERROR(R114/Q114,0) -> 1.160845 | T114: =IF(S114>=89.5%,90%,0%) -> 0.9 | U114: =E114+I114+M114+Q114 -> 19482386 | V114: =F114+J114+N114+R114 -> 21253830 | W114: =IFERROR(V114/U114,0) -> 1.0909254 | X114: =U114-V114 -> -1771443.7 | Y114: =X114/Y$2 -> -1771443.7
A115: 111 | B115: Winner Electronics | C115: Barisal | D115: Madaripur | E115: 6290880.8 | F115: 5444066.3 | G115: =IFERROR(F115/E115,0) -> 0.86539015 | H115: =IF(G115>=89.5%,90%,0%) -> 0 | I115: 5635731.9 | J115: 4522301.9 | K115: =IFERROR(J115/I115,0) -> 0.80243382 | L115: =IF(K115>=89.5%,90%,0%) -> 0 | M115: 4512046.2 | N115: 6865592.3 | O115: =IFERROR(N115/M115,0) -> 1.5216139 | P115: =IF(O115>=89.5%,90%,0%) -> 0.9 | Q115: 6502078.7 | R115: =VLOOKUP(B115,'Dealer Wise'!B10:F130,5,0) -> 8441342.7 | S115: =IFERROR(R115/Q115,0) -> 1.2982529 | T115: =IF(S115>=89.5%,90%,0%) -> 0.9 | U115: =E115+I115+M115+Q115 -> 22940738 | V115: =F115+J115+N115+R115 -> 25273303 | W115: =IFERROR(V115/U115,0) -> 1.1016779 | X115: =U115-V115 -> -2332565.6 | Y115: =X115/Y$2 -> -2332565.6
A116: 112 | B116: M/S. Panguchi Enterprise | C116: Khulna | D116: Bagerhat | E116: 8145439.8 | F116: 8538005.5 | G116: =IFERROR(F116/E116,0) -> 1.0481945 | H116: =IF(G116>=89.5%,90%,0%) -> 0.9 | I116: 7744476.9 | J116: 7775062.9 | K116: =IFERROR(J116/I116,0) -> 1.0039494 | L116: =IF(K116>=89.5%,90%,0%) -> 0.9 | M116: 9303644.6 | N116: 12161165 | O116: =IFERROR(N116/M116,0) -> 1.3071399 | P116: =IF(O116>=89.5%,90%,0%) -> 0.9 | Q116: 8951972.5 | R116: =VLOOKUP(B116,'Dealer Wise'!B71:F191,5,0) -> 13100258 | S116: =IFERROR(R116/Q116,0) -> 1.4633935 | T116: =IF(S116>=89.5%,90%,0%) -> 0.9 | U116: =E116+I116+M116+Q116 -> 34145534 | V116: =F116+J116+N116+R116 -> 41574492 | W116: =IFERROR(V116/U116,0) -> 1.2175675 | X116: =U116-V116 -> -7428957.9 | Y116: =X116/Y$2 -> -7428957.9
A117: 113 | B117: Shadhin Telecom | C117: Khulna | D117: Bagerhat | E117: 7536549.3 | F117: 7629874.1 | G117: =IFERROR(F117/E117,0) -> 1.012383 | H117: =IF(G117>=89.5%,90%,0%) -> 0.9 | I117: 8925446.7 | J117: 8175340.8 | K117: =IFERROR(J117/I117,0) -> 0.91595872 | L117: =IF(K117>=89.5%,90%,0%) -> 0.9 | M117: 7770827 | N117: 9292056.2 | O117: =IFERROR(N117/M117,0) -> 1.1957616 | P117: =IF(O117>=89.5%,90%,0%) -> 0.9 | Q117: 8906894.7 | R117: =VLOOKUP(B117,'Dealer Wise'!B72:F192,5,0) -> 11357007 | S117: =IFERROR(R117/Q117,0) -> 1.2750804 | T117: =IF(S117>=89.5%,90%,0%) -> 0.9 | U117: =E117+I117+M117+Q117 -> 33139718 | V117: =F117+J117+N117+R117 -> 36454278 | W117: =IFERROR(V117/U117,0) -> 1.1000178 | X117: =U117-V117 -> -3314560.1 | Y117: =X117/Y$2 -> -3314560.1
A118: 114 | B118: Hello Prithibi | C118: Khulna | D118: JASHORE | E118: 3581574.1 | F118: 3593153.3 | G118: =IFERROR(F118/E118,0) -> 1.003233 | H118: =IF(G118>=89.5%,90%,0%) -> 0.9 | I118: 4093785.5 | J118: 3335106 | K118: =IFERROR(J118/I118,0) -> 0.81467531 | L118: =IF(K118>=89.5%,90%,0%) -> 0 | M118: 3994845 | N118: 4510603.6 | O118: =IFERROR(N118/M118,0) -> 1.129106 | P118: =IF(O118>=89.5%,90%,0%) -> 0.9 | Q118: 4759568.9 | R118: =VLOOKUP(B118,'Dealer Wise'!B21:F141,5,0) -> 6453712.6 | S118: =IFERROR(R118/Q118,0) -> 1.3559448 | T118: =IF(S118>=89.5%,90%,0%) -> 0.9 | U118: =E118+I118+M118+Q118 -> 16429774 | V118: =F118+J118+N118+R118 -> 17892576 | W118: =IFERROR(V118/U118,0) -> 1.0890336 | X118: =U118-V118 -> -1462801.9 | Y118: =X118/Y$2 -> -1462801.9
A119: 115 | B119: Ideal Communication | C119: Khulna | D119: JASHORE | E119: 22263647 | F119: 21394514 | G119: =IFERROR(F119/E119,0) -> 0.96096178 | H119: =IF(G119>=89.5%,90%,0%) -> 0.9 | I119: 22935758 | J119: 22980587 | K119: =IFERROR(J119/I119,0) -> 1.0019545 | L119: =IF(K119>=89.5%,90%,0%) -> 0.9 | M119: 18995186 | N119: 24895725 | O119: =IFERROR(N119/M119,0) -> 1.3106334 | P119: =IF(O119>=89.5%,90%,0%) -> 0.9 | Q119: 22788138 | R119: =VLOOKUP(B119,'Dealer Wise'!B22:F142,5,0) -> 32520076 | S119: =IFERROR(R119/Q119,0) -> 1.4270616 | T119: =IF(S119>=89.5%,90%,0%) -> 0.9 | U119: =E119+I119+M119+Q119 -> 86982729 | V119: =F119+J119+N119+R119 -> 1.017909e+08 | W119: =IFERROR(V119/U119,0) -> 1.1702427 | X119: =U119-V119 -> -14808173 | Y119: =X119/Y$2 -> -14808173
A120: 116 | B120: Konica Trading | C120: Khulna | D120: JHENAIDAH | E120: 15641751 | F120: 15286987 | G120: =IFERROR(F120/E120,0) -> 0.97731944 | H120: =IF(G120>=89.5%,90%,0%) -> 0.9 | I120: 15437219 | J120: 16100631 | K120: =IFERROR(J120/I120,0) -> 1.0429748 | L120: =IF(K120>=89.5%,90%,0%) -> 0.9 | M120: 15909390 | N120: 19603924 | O120: =IFERROR(N120/M120,0) -> 1.2322235 | P120: =IF(O120>=89.5%,90%,0%) -> 0.9 | Q120: 18239013 | R120: =VLOOKUP(B120,'Dealer Wise'!B23:F143,5,0) -> 25483937 | S120: =IFERROR(R120/Q120,0) -> 1.3972212 | T120: =IF(S120>=89.5%,90%,0%) -> 0.9 | U120: =E120+I120+M120+Q120 -> 65227373 | V120: =F120+J120+N120+R120 -> 76475479 | W120: =IFERROR(V120/U120,0) -> 1.1724446 | X120: =U120-V120 -> -11248106 | Y120: =X120/Y$2 -> -11248106
A121: 117 | B121: S S Enterprise | C121: Khulna | D121: JHENAIDAH | E121: 6857648.4 | F121: 6334733.5 | G121: =IFERROR(F121/E121,0) -> 0.9237472 | H121: =IF(G121>=89.5%,90%,0%) -> 0.9 | I121: 7588155.2 | J121: 6917685.4 | K121: =IFERROR(J121/I121,0) -> 0.91164258 | L121: =IF(K121>=89.5%,90%,0%) -> 0.9 | M121: 6995974.4 | N121: 11857186 | O121: =IFERROR(N121/M121,0) -> 1.6948584 | P121: =IF(O121>=89.5%,90%,0%) -> 0.9 | Q121: 8348949 | R121: =VLOOKUP(B121,'Dealer Wise'!B76:F196,5,0) -> 11324196 | S121: =IFERROR(R121/Q121,0) -> 1.3563619 | T121: =IF(S121>=89.5%,90%,0%) -> 0.9 | U121: =E121+I121+M121+Q121 -> 29790727 | V121: =F121+J121+N121+R121 -> 36433801 | W121: =IFERROR(V121/U121,0) -> 1.2229913 | X121: =U121-V121 -> -6643074.1 | Y121: =X121/Y$2 -> -6643074.1
A122: 118 | B122: Max Tel | C122: Khulna | D122: Khulna | E122: 19313689 | F122: 17633302 | G122: =IFERROR(F122/E122,0) -> 0.91299505 | H122: =IF(G122>=89.5%,90%,0%) -> 0.9 | I122: 19984123 | J122: 18241063 | K122: =IFERROR(J122/I122,0) -> 0.91277774 | L122: =IF(K122>=89.5%,90%,0%) -> 0.9 | M122: 16496185 | N122: 21340961 | O122: =IFERROR(N122/M122,0) -> 1.2936907 | P122: =IF(O122>=89.5%,90%,0%) -> 0.9 | Q122: 21302024 | R122: =VLOOKUP(B122,'Dealer Wise'!B25:F145,5,0) -> 30156619 | S122: =IFERROR(R122/Q122,0) -> 1.4156692 | T122: =IF(S122>=89.5%,90%,0%) -> 0.9 | U122: =E122+I122+M122+Q122 -> 77096021 | V122: =F122+J122+N122+R122 -> 87371946 | W122: =IFERROR(V122/U122,0) -> 1.1332874 | X122: =U122-V122 -> -10275924 | Y122: =X122/Y$2 -> -10275924
A123: 119 | B123: Biswa Bani Telecom | C123: Khulna | D123: Kushtia | E123: 3370040.5 | F123: 3480396.6 | G123: =IFERROR(F123/E123,0) -> 1.0327462 | H123: =IF(G123>=89.5%,90%,0%) -> 0.9 | I123: 3383302.8 | J123: 3115339.1 | K123: =IFERROR(J123/I123,0) -> 0.9207982 | L123: =IF(K123>=89.5%,90%,0%) -> 0.9 | M123: 3398885.5 | N123: 5486323.3 | O123: =IFERROR(N123/M123,0) -> 1.6141536 | P123: =IF(O123>=89.5%,90%,0%) -> 0.9 | Q123: 4296699.5 | R123: =VLOOKUP(B123,'Dealer Wise'!B26:F146,5,0) -> 6386603.8 | S123: =IFERROR(R123/Q123,0) -> 1.4863976 | T123: =IF(S123>=89.5%,90%,0%) -> 0.9 | U123: =E123+I123+M123+Q123 -> 14448928 | V123: =F123+J123+N123+R123 -> 18468663 | W123: =IFERROR(V123/U123,0) -> 1.278203 | X123: =U123-V123 -> -4019734.6 | Y123: =X123/Y$2 -> -4019734.6
A124: 120 | B124: M. R. Traders | C124: Khulna | D124: Kushtia | E124: 9822908.6 | F124: 9930823.9 | G124: =IFERROR(F124/E124,0) -> 1.0109861 | H124: =IF(G124>=89.5%,90%,0%) -> 0.9 | I124: 9169049.7 | J124: 9296284 | K124: =IFERROR(J124/I124,0) -> 1.0138765 | L124: =IF(K124>=89.5%,90%,0%) -> 0.9 | M124: 8803483.7 | N124: 11199557 | O124: =IFERROR(N124/M124,0) -> 1.2721734 | P124: =IF(O124>=89.5%,90%,0%) -> 0.9 | Q124: 10687655 | R124: =VLOOKUP(B124,'Dealer Wise'!B27:F147,5,0) -> 15080772 | S124: =IFERROR(R124/Q124,0) -> 1.411046 | T124: =IF(S124>=89.5%,90%,0%) -> 0.9 | U124: =E124+I124+M124+Q124 -> 38483097 | V124: =F124+J124+N124+R124 -> 45507438 | W124: =IFERROR(V124/U124,0) -> 1.1825306 | X124: =U124-V124 -> -7024341.1 | Y124: =X124/Y$2 -> -7024341.1
...

Sheet Sheet1
A1: Channel Partners | B1: Region | C1: DSR ID | D1: DSR Name
A2: A One Tel | B2: Barisal | C2: DSR-0078 | D2: Hridoy
A3: A One Tel | B3: Barisal | C3: DSR-0060 | D3: Polash Chandra Sarker
A4: A One Tel | B4: Barisal | C4: DSR-0034 | D4: Md.Shahin Khan
A5: A One Tel | B5: Barisal | C5: DSR-0097 | D5: Shifat
A6: A One Tel | B6: Barisal | C6: DSR-0518 | D6: Sohag
A7: A One Tel | B7: Barisal | C7: DSR-0301 | D7: Polash Sakhari
A8: A One Tel | B8: Barisal | C8: DSR-0517 | D8: Md.Mizan
A9: My Fone | B9: Barisal | C9: DSR-0175 | D9: Md. Hasnanin Ahmed Antor
A10: My Fone | B10: Barisal | C10: DSR-0173 | D10: Md. Imam Hossain Nayon
A11: My Fone | B11: Barisal | C11: DSR-0174 | D11: Abu Jafor
A12: My Fone | B12: Barisal | C12: DSR-0612 | D12: Mr. Alamin
... A546: New Era Telecom | B546: Sylhet | C546: DSR-0610 | D546: Md. Mohshin Ahmed
